,PHRASE,COUNT,ON_TOPIC,UNIQUE,SPECIFIC
0,privacy,7946,1,1.0,1.0
1,tariffs,40341,1,1.0,1.0
2,China trade,3699,1,1.0,1.0
3,economic development,1347,1,1.0,1.0
4,rivalry,1217,1,1.0,1.0
5,academia,721,1,1.0,1.0
6,Hunter Biden,4260,1,1.0,1.0
7,empowering,525,1,1.0,1.0
8,rising tensions,441,1,1.0,1.0
9,unilateral,1836,1,1.0,1.0
10,white paper,346,1,1.0,1.0
11,manufacturing,16289,1,1.0,1.0
12,human rights,15564,1,1.0,1.0
13,regime,18307,1,1.0,0.0
14,socialist,5471,1,1.0,0.0
15,truth about China,903,1,1.0,0.0
16,United States,352334,1,1.0,0.0
17,novel coronavirus outbreak,20310,1,1.0,0.0
18,Goldman Sachs,2152,1,1.0,0.0
19,South Korea,25897,1,1.0,0.0
20,Hong Kong,83826,1,1.0,0.0
21,North Korea,31045,1,1.0,0.0
22,corporate,12897,1,1.0,0.0
23,global,85966,1,1.0,0.0
24,Joe Biden,18341,1,1.0,0.0
25,broadband,889,1,1.0,0.0
26,weapons,23913,1,1.0,0.0
27,Mr Trump,9840,1,1.0,0.0
28,US China trade,1453,1,1.0,0.0
29,tech,21155,1,1.0,0.0
30,disease,52542,1,1.0,0.0
31,dump,1053,1,1.0,0.0
32,longstanding,1369,1,1.0,0.0
33,JPMorgan Chase,683,1,1.0,0.0
34,surpass,794,1,1.0,0.0
35,temper,507,1,1.0,0.0
36,historical,5187,1,1.0,0.0
37,infected,39573,1,1.0,0.0
38,financial,36785,1,1.0,0.0
39,mental health,3106,1,1.0,0.0
40,mainstream,5739,1,1.0,0.0
41,technology,34071,1,1.0,0.0
42,World Cup,6711,1,1.0,0.0
43,Central Committee,615,1,1.0,0.0
44,foreign policy,14932,1,1.0,0.0
45,capitalist,3437,1,1.0,0.0
46,capitalism,5678,1,1.0,0.0
47,encryption,1331,1,1.0,0.0
48,climate change,15914,1,1.0,0.0
49,bond market,504,1,1.0,0.0
50,bond,3606,0,,
51,postponed,52239,0,,
52,users,13856,0,,
53,company,69545,0,,
54,war,77119,0,,
55,year,184493,0,,
56,data,55276,0,,
57,think,121550,0,,
58,military,72295,0,,
59,workers,54627,0,,
60,know,114715,0,,
61,yet,45201,0,,
62,cases,124600,0,,
63,outbreak,107362,0,,
64,billion,64158,0,,
65,novel coronavirus,30871,0,,
66,wider,4473,0,,
67,access,24768,0,,
68,countries,110904,0,,
69,banks,14261,0,,
70,crisis,63456,0,,
71,president,125126,0,,
72,cancelled,27995,0,,
73,factors,6170,0,,
74,private,27875,0,,
75,coronavirus outbreak,40266,0,,
76,million,103470,0,,
77,health,123827,0,,
78,trade,102308,0,,
79,companies,71775,0,,
80,hospital,32641,0,,
81,market,68548,0,,
82,messaging,3880,0,,
83,economic,80161,0,,
84,tell,23357,0,,
85,thus,6338,0,,
86,message,18311,0,,
87,much,108877,0,,
88,pandemic,99419,0,,
89,nuclear,48832,0,,
90,epidemic,20824,0,,
91,patients,54796,0,,
92,vaccine,28999,0,,
93,cent,19278,0,,
94,well,104029,0,,
95,business,57314,0,,
96,government,181080,0,,
97,political,82048,0,,
98,oil,38459,0,,
99,class,18677,0,,
100,dont,102432,0,,
101,get,127544,0,,
102,media,71923,0,,
103,world,145214,0,,
104,finds,18653,0,,
105,must,46416,0,,
106,campaign,63835,0,,
107,others,42105,0,,
108,even,139853,0,,
109,history,38170,0,,
110,officials,89592,0,,
111,scheduled,33867,0,,
112,climate,33611,0,,
113,really,63257,0,,
114,election,51451,0,,
115,medical,46198,0,,
116,international,55717,0,,
117,summit,14596,0,,
118,week,96613,0,,
119,security,66737,0,,
120,see,82304,0,,
121,sales,19946,0,,
122,galaxy,7576,0,,
123,masks,39585,0,,
124,last,134319,0,,
125,economy,76316,0,,
126,audio,3304,0,,
127,right,92657,0,,
128,shared,14679,0,,
129,jobs,29132,0,,
130,weighed,2087,0,,
131,prevention,3517,0,,
132,deaths,46734,0,,
133,working,53249,0,,
134,care,55767,0,,
135,address,18229,0,,
136,user,5256,0,,
137,stunning,2536,0,,
138,US China,3008,0,,
139,South Koreas,3707,0,,
140,social,65467,0,,
141,power,60896,0,,
142,weigh,1842,0,,
143,measures,40636,0,,
144,bill,24472,0,,
145,index,5857,0,,
146,law,53802,0,,
147,first,188624,0,,
148,hiring,2895,0,,
149,confirmed,52539,0,,
150,services,23618,0,,
151,administration,68844,0,,
152,could,203528,0,,
153,years,152168,0,,
154,ballots,3765,0,,
155,development,22103,0,,
156,messages,7136,0,,
157,alongside,6509,0,,
158,state,110826,0,,
159,deeper,3896,0,,
160,fears,15057,0,,
161,federal,38672,0,,
162,shareholders,2029,0,,
163,wars,11391,0,,
164,stock,20513,0,,
165,listen,5535,0,,
166,longer term,1360,0,,
167,tension,3020,0,,
168,month,57708,0,,
169,one,280235,0,,
170,rights,36857,0,,
171,fined,944,0,,
172,credible,2726,0,,
173,hospitals,21396,0,,
174,finance,7432,0,,
175,bonds,4519,0,,
176,free,40448,0,,
177,vote,26151,0,,
178,involving,7686,0,,
179,worlds second largest,1197,0,,
180,episode,4143,0,,
181,voters,23437,0,,
182,two,179078,0,,
183,sanctions,30550,0,,
184,excitement,866,0,,
185,New York,64703,0,,
186,public,108740,0,,
187,investors,16970,0,,
188,policy,63756,0,,
189,rarely,3447,0,,
190,video,25686,0,,
191,panda,660,0,,
192,mental,5612,0,,
193,let alone,1669,0,,
194,want,78408,0,,
195,article,20333,0,,
196,much longer,1046,0,,
197,intelligence,31751,0,,
198,second largest,2767,0,,
199,spread,71937,0,,
200,western,6636,0,,
201,need,84948,0,,
202,information,50610,0,,
203,working class,3217,0,,
204,monetary,3282,0,,
205,seemingly,3709,0,,
206,country,137158,0,,
207,quarter,19312,0,,
208,North Korean,10587,0,,
209,proceeding,785,0,,
210,necessarily,6400,0,,
211,retain,1966,0,,
212,ban,21620,0,,
213,former,66763,0,,
214,debt,15980,0,,
215,investment,20385,0,,
216,firms,15769,0,,
217,license,2637,0,,
218,infrastructure,14430,0,,
219,coordination,1953,0,,
220,fact,44548,0,,
221,knowing,3934,0,,
222,whereas,1537,0,,
223,practically,1377,0,,
224,nascent,828,0,,
225,US Treasury,691,0,,
226,Deutsche Bank,664,0,,
227,travel,49737,0,,
228,Donald Trump,44936,0,,
229,cooperation,8779,0,,
230,member,24566,0,,
231,ahead,30672,0,,
232,desired,956,0,,
233,inclusion,1255,0,,
234,kids,10491,0,,
235,dark,6281,0,,
236,currency,8741,0,,
237,profits,6438,0,,
238,connection,4801,0,,
239,deal,65614,0,,
240,US UK,578,0,,
241,serving,5982,0,,
242,havent,9783,0,,
243,today,48223,0,,
244,big,46808,0,,
245,supposedly,2812,0,,
246,tax,25570,0,,
247,launch,10225,0,,
248,genuine,2398,0,,
249,foreign,67398,0,,
250,tensions,12626,0,,
251,evaluating,755,0,,
252,passive,715,0,,
253,report,67318,0,,
254,receive,10220,0,,
255,planning,11262,0,,
256,discussed,6395,0,,
257,elite,5388,0,,
258,reporting,15704,0,,
259,planners,680,0,,
260,startup,1942,0,,
261,control,45864,0,,
262,specifically,7212,0,,
263,symptoms,34656,0,,
264,durable,509,0,,
265,claimed,18971,0,,
266,sector,15280,0,,
267,grow,8692,0,,
268,gives,8636,0,,
269,big picture,701,0,,
270,review,10872,0,,
271,mentioned,6712,0,,
272,rate,38384,0,,
273,view,19323,0,,
274,raise,11417,0,,
275,fund,9616,0,,
276,change,55242,0,,
277,explain,8028,0,,
278,heard,13718,0,,
279,join,8407,0,,
280,details,12640,0,,
281,costs,15613,0,,
282,white,22385,0,,
283,growth,33216,0,,
284,artists,10212,0,,
285,testing,42700,0,,
286,gets,14688,0,,
287,added,42727,0,,
288,work,93091,0,,
289,win,22826,0,,
290,President Donald Trump,22086,0,,
291,rising,14080,0,,
292,service,22521,0,,
293,markets,31669,0,,
294,system,59377,0,,
295,city,55699,0,,
296,picture,9917,0,,
297,paper,13841,0,,
298,including,106113,0,,
299,things,53761,0,,
300,saying,50830,0,,
301,poll,10253,0,,
302,tested,42161,0,,
303,South Korean,5666,0,,
304,sources,12779,0,,
305,startups,1678,0,,
306,networks,9361,0,,
307,benefits,11420,0,,
308,nations,35278,0,,
309,flush,343,0,,
310,back,119349,0,,
311,got,46605,0,,
312,might,64702,0,,
313,production,25741,0,,
314,ultimately,9707,0,,
315,didnt,45863,0,,
316,stay,32533,0,,
317,largest,29451,0,,
318,busted,328,0,,
319,since,100012,0,,
320,mass,19890,0,,
321,biological,3563,0,,
322,announced,61328,0,,
323,collection,4119,0,,
324,governments,40599,0,,
325,providers,3715,0,,
326,threats,13259,0,,
327,beds,5848,0,,
328,team,45607,0,,
329,amid,23543,0,,
330,Anglo American,352,0,,
331,polling,4475,0,,
332,home,85072,0,,
333,mask,17760,0,,
334,hundred,5217,0,,
335,infections,23905,0,,
336,let,20050,0,,
337,status,11720,0,,
338,ministry,9021,0,,
339,press,28555,0,,
340,alone,16272,0,,
341,order,42326,0,,
342,season,29543,0,,
343,questions,24121,0,,
344,sense,21394,0,,
345,certainly,16320,0,,
346,statement,45658,0,,
347,conservative,12764,0,,
348,nothing,25387,0,,
349,coercive,711,0,,
350,employees,19939,0,,
351,applications,3255,0,,
352,use,71628,0,,
353,entertainment,3366,0,,
354,eligible,3247,0,,
355,rise,20911,0,,
356,help,66925,0,,
357,go,82853,0,,
358,restrictions,29390,0,,
359,mean,32109,0,,
360,identify,7844,0,,
361,unrest,11987,0,,
362,second,52706,0,,
363,speech,22366,0,,
364,fact checkers,479,0,,
365,agreeing,1568,0,,
366,based,51955,0,,
367,conversations,4779,0,,
368,everything,22991,0,,
369,box,5286,0,,
370,vaccines,8578,0,,
371,positive,43668,0,,
372,demand,24542,0,,
373,days,75637,0,,
374,tests,27926,0,,
375,movement,18822,0,,
376,peace,13798,0,,
377,police,48197,0,,
378,inside,18896,0,,
379,study,32689,0,,
380,day,102359,0,,
381,meeting,36548,0,,
382,editors,1813,0,,
383,likely,54974,0,,
384,five,38796,0,,
385,opinion,10135,0,,
386,forces,22149,0,,
387,expected,30377,0,,
388,firm,18819,0,,
389,illustration,6245,0,,
390,struggle,7085,0,,
391,permission,3689,0,,
392,human,52897,0,,
393,efforts,33563,0,,
394,stocks,9627,0,,
395,platform,10500,0,,
396,region,28349,0,,
397,director,33184,0,,
398,warfare,3943,0,,
399,death,48726,0,,
400,shares,8267,0,,
401,promotional,676,0,,
402,photo,8910,0,,
403,research,33860,0,,
404,allies,22296,0,,
405,music,7123,0,,
406,impeachment,20699,0,,
407,states,54975,0,,
408,authorities,32441,0,,
409,confirm,4257,0,,
410,products,26747,0,,
411,readers,3883,0,,
412,link,5836,0,,
413,presidential,26424,0,,
414,way,101670,0,,
415,high speed,1780,0,,
416,term,34215,0,,
417,US President Donald,3238,0,,
418,recent,50524,0,,
419,signing,4276,0,,
420,thousand,4432,0,,
421,earlier,33199,0,,
422,longer,25606,0,,
423,spam,458,0,,
424,games,19828,0,,
425,gas,23063,0,,
426,democratic,10527,0,,
427,infection,25853,0,,
428,revenue,9335,0,,
429,hard,35761,0,,
430,counter,7751,0,,
431,weeks,62468,0,,
432,star,15421,0,,
433,equipment,22149,0,,
434,topic,3569,0,,
435,future,39922,0,,
436,local,40201,0,,
437,wildlife,4475,0,,
438,behind closed doors,9193,0,,
439,becoming,13674,0,,
440,never,56777,0,,
441,receiving,5819,0,,
442,visit,18193,0,,
443,valid,1591,0,,
444,tournament,9939,0,,
445,enter,7143,0,,
446,record,29391,0,,
447,run,33241,0,,
448,voting,10059,0,,
449,support,61320,0,,
450,speed,9615,0,,
451,ventilators,9450,0,,
452,something,47534,0,,
453,primary,16705,0,,
454,national,67241,0,,
455,prices,21388,0,,
456,cultural,8318,0,,
457,transcription,1700,0,,
458,every,59316,0,,
459,minister,20817,0,,
460,found,58284,0,,
461,troops,16312,0,,
462,process,30965,0,,
463,protesters,22509,0,,
464,left,50850,0,,
465,democracy,25609,0,,
466,life,47623,0,,
467,quarantine,25839,0,,
468,person,42341,0,,
469,digital,11229,0,,
470,family,41940,0,,
471,risk,46163,0,,
472,actually,38251,0,,
473,thing,38879,0,,
474,good,64948,0,,
475,next,65503,0,,
476,customers,13214,0,,
477,minutes,11243,0,,
478,new coronavirus,11965,0,,
479,wear,11593,0,,
480,check,11344,0,,
481,months,60883,0,,
482,nation,28792,0,,
483,time,189386,0,,
484,entered,5736,0,,
485,audience,7850,0,,
486,make,107105,0,,
487,society,16440,0,,
488,share,22420,0,,
489,Communist Party,13149,0,,
490,represent,6037,0,,
491,identification,1221,0,,
492,capital,21603,0,,
493,three,85056,0,,
494,interests,17796,0,,
495,made,104424,0,,
496,science,13734,0,,
497,communications,6424,0,,
498,animals,15113,0,,
499,century,17674,0,,
500,permissions,1728,0,,
501,immigration,14858,0,,
502,offers,7052,0,,
503,wish,5190,0,,
504,page,9056,0,,
505,opportunities,7573,0,,
506,around,94777,0,,
507,Security Council,6308,0,,
508,talking,21987,0,,
509,film,12187,0,,
510,group,45548,0,,
511,full,33545,0,,
512,central,22063,0,,
513,exports,11450,0,,
514,rule,15925,0,,
515,biometric,504,0,,
516,interest,25834,0,,
517,within,35110,0,,
518,higher,27593,0,,
519,party,33588,0,,
520,original,9602,0,,
521,First century,2515,0,,
522,anti,29169,0,,
523,game,26450,0,,
524,industry,33982,0,,
525,charge,11547,0,,
526,health care,20556,0,,
527,staff,34296,0,,
528,talks,21615,0,,
529,BEGIN VIDEO CLIP,2702,0,,
530,example,30029,0,,
531,supply,24660,0,,
532,laboratory,5273,0,,
533,doesnt,39514,0,,
534,mobile,6439,0,,
535,available,21955,0,,
536,office,34151,0,,
537,END VIDEO CLIP,2686,0,,
538,expression,3285,0,,
539,rating,3238,0,,
540,already,69130,0,,
541,however,26045,0,,
542,Grand Prix,6735,0,,
543,still,99567,0,,
544,long,85201,0,,
545,without,59144,0,,
546,primaries,2114,0,,
547,mail,5246,0,,
548,points,24784,0,,
549,official,44463,0,,
550,black hole,3822,0,,
551,leaders,43037,0,,
552,used,62476,0,,
553,fight,34660,0,,
554,growing,26240,0,,
555,high,60036,0,,
556,major,52785,0,,
557,agency,21575,0,,
558,dollar,11801,0,,
559,light years,3069,0,,
560,falsely,2280,0,,
561,promo code WUHAN,898,0,,
562,begin,15705,0,,
563,course,32938,0,,
564,income,13410,0,,
565,emissions,12622,0,,
566,transcripts,2253,0,,
567,Editors Note Want,894,0,,
568,alerts,2934,0,,
569,nurses,5452,0,,
570,suspended,19938,0,,
571,refinery,398,0,,
572,created,22170,0,,
573,past,50700,0,,
574,of a,140742,0,,
575,from the,171413,0,,
576,the Russian,7496,0,,
577,the US,90125,0,,
578,the United States,212853,0,,
579,The novel coronavirus,20266,0,,
580,in China,70680,0,,
581,the universe,20160,0,,
582,and China,22374,0,,
583,the coronavirus,108960,0,,
584,youre not,2615,0,,
585,the US and,8980,0,,
586,to Chinas,3805,0,,
587,a a,4573,0,,
588,the virus,131335,0,,
589,US and China,1981,0,,
590,in to,8761,0,,
591,I think,63100,0,,
592,China The,1639,0,,
593,according to,82598,0,,
594,the UK,30455,0,,
595,you know,25264,0,,
596,here at,1332,0,,
597,must be,12529,0,,
598,been postponed,17391,0,,
599,Street and,844,0,,
600,to see,30072,0,,
601,and the,223557,0,,
602,as well as,32048,0,,
603,Wall Street and,537,0,,
604,the company,23845,0,,
605,the Chinese,60693,0,,
606,and free,3349,0,,
607,and stories,4821,0,,
608,the audio,1840,0,,
609,UK and,3799,0,,
610,the president,51337,0,,
611,Share this,4281,0,,
612,off with,4636,0,,
613,on March,34484,0,,
614,it matters,795,0,,
615,fears of,3138,0,,
616,in China is,1944,0,,
617,ADVERTISEMENT The,3052,0,,
618,stories that,5334,0,,
619,due to,54187,0,,
620,that the,208829,0,,
621,percent of,27602,0,,
622,ahead of the,4313,0,,
623,such as,57493,0,,
624,this image,4200,0,,
625,to receive,3841,0,,
626,in stock,1863,0,,
627,by recaptcha,3427,0,,
628,If youre,2891,0,,
629,on US,1818,0,,
630,scheduled for,16846,0,,
631,This site,3451,0,,
632,China or,4240,0,,
633,March to,1520,0,,
634,to listen,1530,0,,
635,in five,1727,0,,
636,and Beijing,2876,0,,
637,is protected by,3561,0,,
638,and the US,3906,0,,
639,listen to,3480,0,,
640,to billion,3844,0,,
641,between the US,1920,0,,
642,or if,2145,0,,
643,Beijing in,1177,0,,
644,Its hard to,1330,0,,
645,of US,6519,0,,
646,and why,2602,0,,
647,much about,1516,0,,
648,China are,3962,0,,
649,tensions between,2891,0,,
650,years as,1946,0,,
651,to grow,3980,0,,
652,if there,3752,0,,
653,if there is,1480,0,,
654,to listen to,1023,0,,
655,the past years,2226,0,,
656,episode of,1251,0,,
657,to weigh,840,0,,
658,a long time,4603,0,,
659,to see the,3559,0,,
660,access to,17240,0,,
661,site is,3826,0,,
662,connection with,1144,0,,
663,sales to,1503,0,,
664,to know,12086,0,,
665,reporting on,1624,0,,
666,not so,3010,0,,
667,you to,6107,0,,
668,to launch,3574,0,,
669,and China are,1305,0,,
670,in a long,883,0,,
671,China by,1555,0,,
672,against a,4464,0,,
673,between China and,2328,0,,
674,In this,7195,0,,
675,and tell,803,0,,
676,the Global,2904,0,,
677,for United States,2756,0,,
678,ahead of,11124,0,,
679,everything is,1155,0,,
680,We havent,689,0,,
681,is a,128395,0,,
682,China and the,7098,0,,
683,more than,109623,0,,
684,The Associated Press,3596,0,,
685,is one,14859,0,,
686,to tell,6631,0,,
687,market to,887,0,,
688,threats to,2428,0,,
689,in western,899,0,,
690,not so much,954,0,,
691,the pandemic,37598,0,,
692,to stay,16420,0,,
693,as of,10186,0,,
694,and think,826,0,,
695,to be,225638,0,,
696,to win,9141,0,,
697,the full,5897,0,,
698,The big,1414,0,,
699,China in,12877,0,,
700,over the past,7880,0,,
701,has been postponed,9146,0,,
702,America and,5652,0,,
703,banks are,667,0,,
704,the Korean,5292,0,,
705,one that,6192,0,,
706,listen to the,755,0,,
707,The Great,891,0,,
708,of Chinas,10841,0,,
709,and thus,2161,0,,
710,up to billion,808,0,,
711,This article is,2944,0,,
712,prevention and control,910,0,,
713,Bank and,850,0,,
714,is back in,1359,0,,
715,sense of,9089,0,,
716,and control,2598,0,,
717,on China,9900,0,,
718,China the,7065,0,,
719,the epidemic,7545,0,,
720,charge to,1312,0,,
721,financial and,889,0,,
722,I mean,14402,0,,
723,the world,101357,0,,
724,supposed to,7827,0,,
725,China in a,532,0,,
726,well as to,633,0,,
727,on the,257146,0,,
728,and the New,567,0,,
729,or even,8287,0,,
730,Biden will,1032,0,,
731,any sense,579,0,,
732,to pm,7192,0,,
733,gives you,451,0,,
734,The Big,463,0,,
735,run and,446,0,,
736,and political,5633,0,,
737,so much,12078,0,,
738,it is,78633,0,,
739,want to,50991,0,,
740,one that is,466,0,,
741,to dump,407,0,,
742,hard to,12039,0,,
743,TO GET,3734,0,,
744,in the United,43703,0,,
745,and economic,6765,0,,
746,not supposed to,422,0,,
747,It is,47602,0,,
748,see the,9884,0,,
749,at the,195584,0,,
750,America and China,380,0,,
751,and others,9799,0,,
752,as to,6475,0,,
753,postponed until,8117,0,,
754,China is,20127,0,,
755,is back,2174,0,,
756,The US,13137,0,,
757,more questions,411,0,,
758,and EU,427,0,,
759,tell if,358,0,,
760,is one that,367,0,,
761,this episode,384,0,,
762,of Wall Street,407,0,,
763,may want to,406,0,,
764,history of,8887,0,,
765,which the,13453,0,,
766,meet your,2644,0,,
767,into Chinas,372,0,,
768,with China,23845,0,,
769,us here,362,0,,
770,are new,356,0,,
771,pertaining to,360,0,,
772,on China in,327,0,,
773,in five years,344,0,,
774,was postponed,8222,0,,
775,becoming a,2442,0,,
776,This article,4838,0,,
777,in the US,16663,0,,
778,to take place,11131,0,,
779,which the US,399,0,,
780,kind of,29011,0,,
781,discussed in,435,0,,
782,Korea and,6679,0,,
783,and entertainment,924,0,,
784,can provide,1943,0,,
785,the New,15193,0,,
786,this year,25958,0,,
787,with the,176951,0,,
788,China and,40788,0,,
789,is the,94990,0,,
790,in China by,305,0,,
791,You can,8601,0,,
792,in order to,13264,0,,
793,scheduled for March,7044,0,,
794,number of,61438,0,,
795,and counter,678,0,,
796,does not,24332,0,,
797,for news,566,0,,
798,a lot of,32353,0,,
799,Rise of,308,0,,
800,on Wednesday,19707,0,,
801,Investment in,320,0,,
802,The company,8176,0,,
803,to surpass,304,0,,
804,one of Americas,680,0,,
805,has been,133740,0,,
806,back in,10624,0,,
807,a long,16312,0,,
808,If you dont,1190,0,,
809,will be,101569,0,,
810,by becoming,491,0,,
811,with a friend,1098,0,,
812,between the,28888,0,,
813,enter a,882,0,,
814,the novel coronavirus,8696,0,,
815,is available,2540,0,,
816,from The,2317,0,,
817,of China,21330,0,,
818,the first,89664,0,,
819,the outbreak,33000,0,,
820,email to,1364,0,,
821,opinion and,725,0,,
822,The United States,23277,0,,
823,that matters,3055,0,,
824,on Tuesday,21691,0,,
825,agreeing to,1058,0,,
826,the address,537,0,,
827,the topic,1294,0,,
828,if you do,660,0,,
829,you do not,660,0,,
830,that he,53097,0,,
831,you dont get,562,0,,
832,called off,8672,0,,
833,you dont,7712,0,,
834,not a,20812,0,,
835,you do,4923,0,,
836,here with,790,0,,
837,represent the,1744,0,,
838,to confirm,2177,0,,
839,be interested,1357,0,,
840,And I,14451,0,,
841,link to,1417,0,,
842,because of,32477,0,,
843,your friends,1428,0,,
844,on Monday,21015,0,,
845,the country,67956,0,,
846,the Wuhan,8861,0,,
847,in a,182317,0,,
848,based on,20988,0,,
849,China has,20853,0,,
850,it would,29250,0,,
851,email from,608,0,,
852,sent a,3170,0,,
853,need to know,2569,0,,
854,should be,32760,0,,
855,it with a,1443,0,,
856,the link,826,0,,
857,as a,122284,0,,
858,up to,40500,0,,
859,any time,2293,0,,
860,of Americas,4059,0,,
861,created by,3795,0,,
862,in the UK,10134,0,,
863,and begin,662,0,,
864,By signing up,451,0,,
865,signing up you,451,0,,
866,the United Nations,6372,0,,
867,I dont,30651,0,,
868,companies and,5148,0,,
869,signing up,775,0,,
870,provide a,4110,0,,
871,here because,569,0,,
872,the box,1095,0,,
873,at any time,1191,0,,
874,the American,28709,0,,
875,to get,54694,0,,
876,due to be,7446,0,,
877,the confirmation,485,0,,
878,ON THE,1247,0,,
879,the work of,1707,0,,
880,permission from,724,0,,
881,its final form,1936,0,,
882,pm to,4639,0,,
883,you need to,3433,0,,
884,United States and,25962,0,,
885,as the,98613,0,,
886,it does not,2193,0,,
887,that is,38136,0,,
888,do not,22804,0,,
889,are happening,797,0,,
890,wish to,1688,0,,
891,article is republished,355,0,,
892,at any,3294,0,,
893,need to,45538,0,,
894,the Trump,35238,0,,
895,have been,128585,0,,
896,a message,3200,0,,
897,be in its,1972,0,,
898,I was,25331,0,,
899,not wish to,395,0,,
900,a valid,570,0,,
901,of its,45263,0,,
902,All rights reserved,1657,0,,
903,contractor and,1672,0,,
904,your voice,513,0,,
905,content is,492,0,,
906,the past,33336,0,,
907,is one of,10162,0,,
908,is shared,401,0,,
909,our website,1690,0,,
910,up as,2514,0,,
911,to any,4882,0,,
912,the government,39058,0,,
913,in its final,1988,0,,
914,you are,11697,0,,
915,work of,2756,0,,
916,further information,1763,0,,
917,there is,40947,0,,
918,to identify,4535,0,,
919,of the coronavirus,25455,0,,
920,or higher,518,0,,
921,terms of use,1600,0,,
922,to vote,5603,0,,
923,to do,60311,0,,
924,of our,30244,0,,
925,the CIA,5037,0,,
926,with permission from,434,0,,
927,on Friday,19819,0,,
928,one of,81064,0,,
929,be updated,2093,0,,
930,according to the,23031,0,,
931,the app,3939,0,,
932,happening now,749,0,,
933,you need,5193,0,,
934,a statement,25133,0,,
935,on Thursday,18317,0,,
936,the Internet,2261,0,,
937,get the,10196,0,,
938,right now,17221,0,,
939,the President,10629,0,,
940,stories on,1027,0,,
941,was a,54905,0,,
942,of use and,1605,0,,
943,the coronavirus pandemic,16136,0,,
944,for more,11514,0,,
945,he was,45727,0,,
946,the work,4306,0,,
947,at a,55853,0,,
948,the White House,34081,0,,
949,of the United,21828,0,,
950,sort of,13211,0,,
951,to a,102845,0,,
952,us at,1253,0,,
953,not however,304,0,,
954,in Wuhan,22329,0,,
955,the companys,8477,0,,
956,form and,2201,0,,
957,Trump has,26015,0,,
958,tested positive for,17307,0,,
959,created on,1686,0,,
960,the worlds,29361,0,,
961,it was,71744,0,,
962,privacy and,1236,0,,
963,a friend,3374,0,,
964,this is,36667,0,,
965,the countrys,23108,0,,
966,of his,42763,0,,
967,it does,5971,0,,
968,and produced,1874,0,,
969,the season,10157,0,,
970,is not,64615,0,,
971,You know,10163,0,,
972,about the,83215,0,,
973,coronavirus crisis and,571,0,,
974,and may be,2303,0,,
975,for coronavirus,14210,0,,
976,the online,1317,0,,
977,over the,62793,0,,
978,had been,48946,0,,
979,of COVID,11675,0,,
980,on Twitter,14625,0,,
981,the promo code,903,0,,
982,VIP membership,900,0,,
983,on the coronavirus,2906,0,,
984,For more,3293,0,,
985,are created,1893,0,,
986,keep telling the,903,0,,
987,use the promo,898,0,,
988,can keep telling,899,0,,
989,would be,71355,0,,
990,code WUHAN to,896,0,,
991,WUHAN to get,896,0,,
992,VIP and use,896,0,,
993,Want to support,900,0,,
994,the virus they,1070,0,,
995,Note Want to,894,0,,
996,virus they unleashed,894,0,,
997,developed with,1799,0,,
998,of coronavirus,21945,0,,
999,they unleashed on,903,0,,
