,PHRASE,COUNT,ON_TOPIC,UNIQUE,SPECIFIC
0,climate change,25188,1,1.0,1.0
1,global warming,7591,1,1.0,1.0
2,Green New Deal,2862,1,1.0,1.0
3,carbon tax,1186,1,1.0,1.0
4,carbon capture,722,1,1.0,1.0
5,climate breakdown,305,1,1.0,1.0
6,climate scientist,755,1,1.0,1.0
7,climate science,1185,1,1.0,1.0
8,Climate Change,2703,1,1.0,1.0
9,climate action,1314,1,1.0,1.0
10,climate emergency,1090,1,1.0,1.0
11,mitigation,561,1,1.0,1.0
12,man made,554,1,1.0,1.0
13,climate policy,826,1,1.0,1.0
14,hottest,1098,1,1.0,1.0
15,greening,104,1,1.0,1.0
16,Global Warming,408,1,1.0,1.0
17,environmental impact,156,1,1.0,1.0
18,extinction,852,1,1.0,1.0
19,catastrophic,1127,1,1.0,1.0
20,global heating,486,1,1.0,1.0
21,fossil fuel industry,709,1,1.0,1.0
22,environmentalists,540,1,1.0,1.0
23,abatement,49,1,1.0,1.0
24,the climate crisis,2427,1,1.0,1.0
25,Alexandria Ocasio Cortez,499,1,1.0,0.0
26,air pollution,800,1,1.0,0.0
27,regulations,1016,1,1.0,0.0
28,tipping points,260,1,1.0,0.0
29,heat waves,716,1,1.0,0.0
30,disasters,908,1,1.0,0.0
31,ecosystems,1022,1,1.0,0.0
32,sea level rise,1290,1,1.0,0.0
33,CO levels,196,1,1.0,0.0
34,fossil fuels,4004,1,1.0,0.0
35,government,5533,1,1.0,0.0
36,cloud,278,1,1.0,0.0
37,cold,1555,1,1.0,0.0
38,planet,5192,1,1.0,0.0
39,weather,4675,1,1.0,0.0
40,storm,1039,1,1.0,0.0
41,human,5027,1,1.0,0.0
42,ocean,2530,1,1.0,0.0
43,price,1218,1,1.0,0.0
44,research,4059,1,1.0,0.0
45,deaths,663,1,1.0,0.0
46,temperature,4768,1,1.0,0.0
47,plan,3681,1,1.0,0.0
48,federal,2533,1,1.0,0.0
49,solar,2224,1,1.0,0.0
50,natural gas,1818,1,1.0,0.0
51,recovery,672,1,1.0,0.0
52,public,3758,1,1.0,0.0
53,water,4403,1,1.0,0.0
54,policies,2667,1,1.0,0.0
55,investment,1117,1,1.0,0.0
56,life,2381,1,1.0,0.0
57,nations,2609,1,1.0,0.0
58,Wallace Wells,150,1,1.0,0.0
59,hydrogen,341,1,1.0,0.0
60,technology,1605,1,1.0,0.0
61,cost,2284,1,1.0,0.0
62,nature,1050,1,1.0,0.0
63,industries,855,1,1.0,0.0
64,big picture,74,1,1.0,0.0
65,trees,1656,1,1.0,0.0
66,sea ice,1307,1,1.0,0.0
67,coral,1117,1,1.0,0.0
68,economic,3672,1,1.0,0.0
69,extreme,3404,1,1.0,0.0
70,plants,2653,1,1.0,0.0
71,transport,825,1,1.0,0.0
72,snow,956,1,1.0,0.0
73,bee,48,1,1.0,0.0
74,trade,1108,1,1.0,0.0
75,polar,1024,1,1.0,0.0
76,Joe Biden,343,1,1.0,0.0
77,giant,442,1,1.0,0.0
78,winter,1271,1,1.0,0.0
79,cooling,644,1,1.0,0.0
80,risk,2366,1,1.0,0.0
81,funding,899,1,1.0,0.0
82,earth,666,1,1.0,0.0
83,industrial,1939,1,1.0,0.0
84,permafrost,897,1,1.0,0.0
85,transportation,687,1,1.0,0.0
86,meat,673,1,1.0,0.0
87,electric vehicles,312,1,1.0,0.0
88,mainstream,317,1,1.0,0.0
89,corporate,575,1,1.0,0.0
90,ozone,450,1,1.0,0.0
91,eruptions,146,1,1.0,0.0
92,activist,948,1,1.0,0.0
93,drought,1311,1,1.0,0.0
94,communities,1902,1,1.0,0.0
95,forest,1210,1,1.0,0.0
96,measures,1152,1,1.0,0.0
97,tariffs,104,1,1.0,0.0
98,diesel,300,1,1.0,0.0
99,Earth Day,334,1,1.0,0.0
100,international climate,246,1,1.0,0.0
101,National Climate Assessment,380,1,1.0,0.0
102,theory,353,1,1.0,0.0
103,reefs,848,1,1.0,0.0
104,Donald Trump,1136,1,1.0,0.0
105,reduction,1599,1,1.0,0.0
106,nuclear power,425,1,1.0,0.0
107,infrastructure,1650,1,1.0,0.0
108,flood,602,1,1.0,0.0
109,glacier,483,1,1.0,0.0
110,mangroves,123,1,1.0,0.0
111,carbon dioxide,5109,1,1.0,0.0
112,greenhouse gas emissions,3940,1,1.0,0.0
113,net zero,1852,1,1.0,0.0
114,carbon emissions,3151,1,1.0,0.0
115,wildfires,1651,1,1.0,0.0
116,renewable energy,1980,1,1.0,0.0
117,warmest,1017,1,1.0,0.0
118,clean energy,1307,1,1.0,0.0
119,bleaching,723,1,1.0,0.0
120,economy,3745,1,1.0,0.0
121,climate agreements,37,1,1.0,0.0
122,carbon price,177,1,1.0,0.0
123,carbon neutral,451,1,1.0,0.0
124,particulates,81,1,1.0,0.0
125,Hurricane Michael,91,1,1.0,0.0
126,CO emissions,797,1,1.0,0.0
127,tropical storms,59,1,1.0,0.0
128,calcium carbonate,30,1,1.0,0.0
129,methane emissions,421,1,1.0,0.0
130,emission reductions,128,1,1.0,0.0
131,United Nations,1518,1,1.0,0.0
132,burning fossil fuels,408,1,1.0,0.0
133,energy,12406,1,0.0,
134,technologies,1247,1,0.0,
135,warming,15111,1,0.0,
136,gas,11280,1,0.0,
137,tech,321,1,0.0,
138,science,4971,1,0.0,
139,crisis,5597,1,0.0,
140,pollution,3470,1,0.0,
141,scientists,6317,1,0.0,
142,vehicles,928,1,0.0,
143,researchers,2111,1,0.0,
144,Ocasio Cortez,971,1,0.0,
145,breakdown,460,1,0.0,
146,spending,728,1,0.0,
147,emergency,2022,1,0.0,
148,taxes,716,1,0.0,
149,land,2669,1,0.0,
150,fire,1624,1,0.0,
151,scientific,2169,1,0.0,
152,heating,1368,1,0.0,
153,particles,193,1,0.0,
154,catastrophe,725,1,0.0,
155,emissions,23784,1,0.0,
156,climate,58288,1,0.0,
157,carbon,20459,1,0.0,
158,ice,6203,1,0.0,
159,heat,5672,1,0.0,
160,clouds,360,1,0.0,
161,oil,5242,1,0.0,
162,fossil fuel,4283,1,0.0,
163,nuclear,1508,1,0.0,
164,temperatures,6146,1,0.0,
165,methane,2148,1,0.0,
166,storms,1492,1,0.0,
167,greenhouse,8087,1,0.0,
168,zero,3287,1,0.0,
169,governments,3006,1,0.0,
170,costs,1561,1,0.0,
171,emission,1018,1,0.0,
172,air,4836,1,0.0,
173,reduce,3825,1,0.0,
174,wind,2078,1,0.0,
175,humans,1771,1,0.0,
176,electric,1285,1,0.0,
177,carbon dioxide tax,52,1,0.0,
178,green,2034,1,0.0,
179,environmental,5349,1,0.0,
180,clean,2582,1,0.0,
181,oceans,1733,1,0.0,
182,activists,1643,1,0.0,
183,reductions,1006,1,0.0,
184,fires,1896,1,0.0,
185,Ice Age,125,1,0.0,
186,forests,1623,1,0.0,
187,existential,569,1,0.0,
188,hurricanes,1195,1,0.0,
189,greenhouse gases,2432,1,0.0,
190,carbonate,80,1,0.0,
191,flooding,1387,1,0.0,
192,calcium,45,1,0.0,
193,petrol,169,1,0.0,
194,bees,61,1,0.0,
195,glaciers,1011,1,0.0,
196,Little Ice Age,63,1,0.0,
197,hurricane,631,1,0.0,
198,ice age,195,1,0.0,
199,of carbon,2708,1,0.0,
200,a carbon tax,647,1,0.0,
201,oil and gas,1791,1,0.0,
202,the atmosphere,3373,1,0.0,
203,the study,1314,1,0.0,
204,the planet,3203,1,0.0,
205,the industry,354,1,0.0,
206,the stratosphere,106,1,0.0,
207,the environment,1419,1,0.0,
208,the Paris accord,322,1,0.0,
209,the Paris Agreement,1069,1,0.0,
210,the Paris agreement,1037,1,0.0,
211,a climate scientist,324,1,0.0,
212,wind and solar,419,1,0.0,
213,the Paris climate,1182,1,0.0,
214,the Arctic,2171,1,0.0,
215,the Green New,1553,1,0.0,
216,the Paris,4512,1,0.0,
217,the ice,810,1,0.0,
218,emissions by,1544,1,0.0,
219,to reduce,2307,1,0.0,
220,of climate,6246,1,0.0,
221,scientist at,573,1,0.0,
222,crisis and,525,1,0.0,
223,on climate change,2395,1,0.0,
224,of climate change,4264,1,0.0,
225,the Earth,1026,1,0.0,
226,emissions from,1618,1,0.0,
227,the carbon,1212,1,0.0,
228,the global,2549,1,0.0,
229,a Green New,525,1,0.0,
230,a climate,2037,1,0.0,
231,of carbon dioxide,1455,1,0.0,
232,the Arctic Ocean,125,1,0.0,
233,of the Arctic,334,1,0.0,
234,climate change is,2192,1,0.0,
235,the UN,1460,1,0.0,
236,the fossil fuel,882,1,0.0,
237,the clouds,42,1,0.0,
238,of global,2394,1,0.0,
239,climate scientist at,239,1,0.0,
240,the Climate,742,1,0.0,
241,the IPCC,654,1,0.0,
242,Celsius degrees Fahrenheit,278,1,0.0,
243,the Earths,566,1,0.0,
244,United States,9196,0,,
245,tax,2679,0,,
246,cent,851,0,,
247,global,18999,0,,
248,billion,2931,0,,
249,countries,6729,0,,
250,degrees,4557,0,,
251,companies,3682,0,,
252,report,8385,0,,
253,international,2345,0,,
254,study,5470,0,,
255,agreements,278,0,,
256,company,1655,0,,
257,action,6275,0,,
258,record,4881,0,,
259,industry,3612,0,,
260,eligible,293,0,,
261,year,12758,0,,
262,capture,1246,0,,
263,coal,5667,0,,
264,ships,266,0,,
265,could,10023,0,,
266,charge,494,0,,
267,years,12210,0,,
268,market,1188,0,,
269,pandemic,1403,0,,
270,administration,2840,0,,
271,collapse,691,0,,
272,free,1308,0,,
273,audience,496,0,,
274,degrees Celsius,1786,0,,
275,agreement,3058,0,,
276,accord,1174,0,,
277,sea,5128,0,,
278,media,1359,0,,
279,target,1924,0,,
280,opportunities,662,0,,
281,policy,4133,0,,
282,million,4141,0,,
283,club,60,0,,
284,power,5285,0,,
285,original,594,0,,
286,think,3728,0,,
287,big,2403,0,,
288,scientist,1912,0,,
289,levels,5008,0,,
290,population,1497,0,,
291,added,1744,0,,
292,world,11811,0,,
293,must,3530,0,,
294,data,2984,0,,
295,might,2528,0,,
296,available,981,0,,
297,dont,3832,0,,
298,cut,2530,0,,
299,conversations,219,0,,
300,models,1825,0,,
301,stimulus,278,0,,
302,found,4015,0,,
303,last,6191,0,,
304,states,2603,0,,
305,make,5465,0,,
306,even,6593,0,,
307,created,1051,0,,
308,national,2353,0,,
309,get,4257,0,,
310,indispensable,107,0,,
311,season,1004,0,,
312,provide,1492,0,,
313,ship,178,0,,
314,goal,1860,0,,
315,one,10380,0,,
316,without,2686,0,,
317,need,6242,0,,
318,article,1264,0,,
319,problem,2589,0,,
320,know,3089,0,,
321,scale,2146,0,,
322,EE News,111,0,,
323,natural,4154,0,,
324,groups,1788,0,,
325,tropical,960,0,,
326,projects,1335,0,,
327,average,3752,0,,
328,electricity,2161,0,,
329,predictions,573,0,,
330,deeper,217,0,,
331,statement,1683,0,,
332,fungi,62,0,,
333,next,3580,0,,
334,photo,228,0,,
335,state,3471,0,,
336,left,1724,0,,
337,voice,329,0,,
338,work,3141,0,,
339,investors,589,0,,
340,much,7026,0,,
341,large,2766,0,,
342,published,2422,0,,
343,plans,2019,0,,
344,tourism,169,0,,
345,related,1324,0,,
346,support,3082,0,,
347,leaders,2412,0,,
348,rise,4387,0,,
349,students,632,0,,
350,summit,1245,0,,
351,really,2401,0,,
352,capital,455,0,,
353,way,4940,0,,
354,set,3172,0,,
355,team,1055,0,,
356,species,2124,0,,
357,impact,3023,0,,
358,fact,2146,0,,
359,health,2787,0,,
360,things,2156,0,,
361,impacts,2779,0,,
362,degrees Fahrenheit,933,0,,
363,riding,71,0,,
364,incentives,304,0,,
365,time,7911,0,,
366,claim,701,0,,
367,goods,290,0,,
368,picture,476,0,,
369,today,2406,0,,
370,decade,2433,0,,
371,tonnes,745,0,,
372,reporting,510,0,,
373,keep,2169,0,,
374,solutions,1494,0,,
375,actually,1646,0,,
376,voluntary,174,0,,
377,travel,894,0,,
378,firms,379,0,,
379,venture,56,0,,
380,tipping,571,0,,
381,happening,1476,0,,
382,food,2341,0,,
383,targets,1935,0,,
384,ever,2459,0,,
385,school,1049,0,,
386,something,1933,0,,
387,good,2340,0,,
388,see,3750,0,,
389,every,3324,0,,
390,century,3397,0,,
391,example,2076,0,,
392,already,4677,0,,
393,cars,1231,0,,
394,still,4245,0,,
395,meet,1823,0,,
396,level,3939,0,,
397,around,5297,0,,
398,resolution,882,0,,
399,man,930,0,,
400,older,269,0,,
401,warmer,1562,0,,
402,tons,1200,0,,
403,right,2964,0,,
404,piece,469,0,,
405,paper,975,0,,
406,changes,3350,0,,
407,movement,1276,0,,
408,New York,2098,0,,
409,development,1383,0,,
410,incentive,132,0,,
411,stock,187,0,,
412,events,2385,0,,
413,book,734,0,,
414,trillion,1157,0,,
415,month,2182,0,,
416,real,2159,0,,
417,day,2721,0,,
418,president,2402,0,,
419,neutral,655,0,,
420,believe,1817,0,,
421,investments,678,0,,
422,environment,2500,0,,
423,director,1857,0,,
424,rules,870,0,,
425,less,3682,0,,
426,benefits,963,0,,
427,two,4912,0,,
428,production,2258,0,,
429,course,1551,0,,
430,papers,282,0,,
431,goals,1688,0,,
432,areas,2050,0,,
433,talks,1088,0,,
434,future,5253,0,,
435,group,2362,0,,
436,point,2523,0,,
437,well,4773,0,,
438,growth,2038,0,,
439,social,1474,0,,
440,money,1750,0,,
441,metric,567,0,,
442,want,2614,0,,
443,deal,1468,0,,
444,use,4328,0,,
445,case,1927,0,,
446,across,3440,0,,
447,longer,1568,0,,
448,related deaths,71,0,,
449,transition,1567,0,,
450,assessment,572,0,,
451,isnt,1491,0,,
452,bill,1070,0,,
453,area,1487,0,,
454,virus,423,0,,
455,likely,3561,0,,
456,threat,1983,0,,
457,sectors,648,0,,
458,made,4298,0,,
459,structure,143,0,,
460,limit,1693,0,,
461,agenda,814,0,,
462,wrong,761,0,,
463,address,1921,0,,
464,best,1751,0,,
465,cities,2142,0,,
466,week,2805,0,,
467,London England,91,0,,
468,square,420,0,,
469,since,4507,0,,
470,hope,1334,0,,
471,points,968,0,,
472,released,2026,0,,
473,committee,706,0,,
474,though,1653,0,,
475,markets,575,0,,
476,never,1502,0,,
477,sensitivity,197,0,,
478,help,3260,0,,
479,model,975,0,,
480,defects,79,0,,
481,author,1539,0,,
482,warm,1582,0,,
483,back,3953,0,,
484,cause,1869,0,,
485,key,1585,0,,
486,folks,176,0,,
487,control,955,0,,
488,little,1987,0,,
489,evidence,1659,0,,
490,country,3531,0,,
491,works,464,0,,
492,minister,729,0,,
493,idea,1237,0,,
494,major,3330,0,,
495,storage,660,0,,
496,end,3466,0,,
497,including,4324,0,,
498,view,713,0,,
499,innovation,523,0,,
500,efforts,2140,0,,
501,friends,227,0,,
502,cap,684,0,,
503,role,1557,0,,
504,take,4409,0,,
505,shows,1807,0,,
506,strategy,758,0,,
507,city,1225,0,,
508,political,3119,0,,
509,first,4759,0,,
510,long,4256,0,,
511,campaign,1555,0,,
512,proposal,1222,0,,
513,towards,872,0,,
514,buildings,737,0,,
515,loss,1535,0,,
516,live,1373,0,,
517,ton,390,0,,
518,analysis,1356,0,,
519,consensus,857,0,,
520,days,2004,0,,
521,move,1626,0,,
522,opportunity,859,0,,
523,hail,84,0,,
524,thing,1398,0,,
525,decades,2839,0,,
526,claims,715,0,,
527,old,1912,0,,
528,colleagues,455,0,,
529,invested,189,0,,
530,growing,2126,0,,
531,low,2474,0,,
532,moment,859,0,,
533,maybe,364,0,,
534,five,2089,0,,
535,go,2437,0,,
536,court,587,0,,
537,aggressive,509,0,,
538,sources,1569,0,,
539,achieve,947,0,,
540,Greta Thunberg,884,0,,
541,operations,475,0,,
542,election,1031,0,,
543,startup,28,0,,
544,approach,999,0,,
545,means,2318,0,,
546,pledged,573,0,,
547,another,2361,0,,
548,huge,1423,0,,
549,pact,199,0,,
550,pledge,472,0,,
551,continue,2442,0,,
552,expected,1861,0,,
553,compared,1266,0,,
554,debate,1287,0,,
555,initiatives,315,0,,
556,second,1631,0,,
557,slow,904,0,,
558,conditions,1675,0,,
559,words,885,0,,
560,seen,2096,0,,
561,toward,1210,0,,
562,meeting,1553,0,,
563,revenue,340,0,,
564,cant,1644,0,,
565,biggest,1716,0,,
566,often,1603,0,,
567,higher,2290,0,,
568,voters,857,0,,
569,mass,1261,0,,
570,bears,504,0,,
571,called,2932,0,,
572,important,2696,0,,
573,generation,1308,0,,
574,maritime,48,0,,
575,airlines,190,0,,
576,treaties,47,0,,
577,enough,2795,0,,
578,rate,1587,0,,
579,officials,1021,0,,
580,banks,289,0,,
581,whose,749,0,,
582,place,1883,0,,
583,jobs,1601,0,,
584,decision,1147,0,,
585,matter,1239,0,,
586,warned,1396,0,,
587,professor,1184,0,,
588,ago,2061,0,,
589,economies,855,0,,
590,lives,1365,0,,
591,region,1421,0,,
592,fund,551,0,,
593,needed,1781,0,,
594,negotiations,555,0,,
595,birth,164,0,,
596,funds,352,0,,
597,surface,1337,0,,
598,per ton,150,0,,
599,office,874,0,,
600,flight,240,0,,
601,normal,901,0,,
602,didnt,985,0,,
603,failed,750,0,,
604,knew,331,0,,
605,Mr Trump,202,0,,
606,flying,456,0,,
607,ambitious,1306,0,,
608,atmospheric,1057,0,,
609,include,1267,0,,
610,full,1049,0,,
611,effects,2543,0,,
612,based,2689,0,,
613,cleaner,606,0,,
614,tell,722,0,,
615,saying,1345,0,,
616,attribution,151,0,,
617,commodities,61,0,,
618,fifty,55,0,,
619,needs,1770,0,,
620,sense,906,0,,
621,numbers,825,0,,
622,explained,642,0,,
623,efficiency,846,0,,
624,entire,1050,0,,
625,fleet,155,0,,
626,Mr Biden,95,0,,
627,prices,727,0,,
628,ten,343,0,,
629,taken,1385,0,,
630,possible,1930,0,,
631,President Donald Trump,577,0,,
632,findings,1197,0,,
633,wins,119,0,,
634,business,1717,0,,
635,learned,248,0,,
636,migration,272,0,,
637,hit,1490,0,,
638,planting,530,0,,
639,poverty,413,0,,
640,increased,1820,0,,
641,pre industrial,858,0,,
642,lead,2486,0,,
643,commitments,988,0,,
644,page,518,0,,
645,legislation,915,0,,
646,peak,492,0,,
647,effective,831,0,,
648,penalty,53,0,,
649,ban,512,0,,
650,chief,985,0,,
651,recorded,950,0,,
652,living,1105,0,,
653,event,1566,0,,
654,standards,949,0,,
655,car,594,0,,
656,doesnt,1844,0,,
657,recent,3189,0,,
658,three,2713,0,,
659,rights,577,0,,
660,balloon,47,0,,
661,cuts,916,0,,
662,agency,854,0,,
663,offset,625,0,,
664,predicted,742,0,,
665,seem,734,0,,
666,using,1571,0,,
667,care,923,0,,
668,weeks,1141,0,,
669,easy,483,0,,
670,authors,874,0,,
671,children,1103,0,,
672,firm,356,0,,
673,local,1539,0,,
674,chemicals,249,0,,
675,hard,1336,0,,
676,ask,453,0,,
677,protest,623,0,,
678,presidential,1068,0,,
679,vital,485,0,,
680,tariff,37,0,,
681,different,1834,0,,
682,term,2490,0,,
683,rising,2892,0,,
684,project,1015,0,,
685,hundred,225,0,,
686,simply,1002,0,,
687,used,2465,0,,
688,collaboration,220,0,,
689,vehicle,359,0,,
690,penalties,46,0,,
691,system,2388,0,,
692,letter,783,0,,
693,line,1141,0,,
694,Climate Desk collaboration,52,0,,
695,conference,1287,0,,
696,lab,107,0,,
697,reminder,167,0,,
698,poor,838,0,,
699,boost,401,0,,
700,nothing,1182,0,,
701,asteroid,119,0,,
702,financial,993,0,,
703,alliance,83,0,,
704,systems,1397,0,,
705,pricing,461,0,,
706,twenty,73,0,,
707,save,1011,0,,
708,yet,1962,0,,
709,World War II,186,0,,
710,question,1497,0,,
711,person,624,0,,
712,sign,732,0,,
713,settled,197,0,,
714,fossil,8583,0,,
715,increase,3867,0,,
716,nearly,1991,0,,
717,operators,78,0,,
718,planet heating,65,0,,
719,regulate,236,0,,
720,drop,755,0,,
721,among,1943,0,,
722,melting,1457,0,,
723,wave,899,0,,
724,Rep Alexandria Ocasio,307,0,,
725,building,1165,0,,
726,military,404,0,,
727,speech,647,0,,
728,issues,1443,0,,
729,decision makers,98,0,,
730,strike,712,0,,
731,taking,1607,0,,
732,the United States,6086,0,,
733,The Daily,571,0,,
734,the US,2568,0,,
735,a a,585,0,,
736,Read more,1379,0,,
737,can provide,328,0,,
738,the UK,1609,0,,
739,according to,4181,0,,
740,is available,333,0,,
741,to any,392,0,,
742,provide a,476,0,,
743,by The,487,0,,
744,percent of,2345,0,,
745,in the,31716,0,,
746,ADVERTISEMENT The,207,0,,
747,created by,408,0,,
748,as of,210,0,,
749,stories that,207,0,,
750,The news,236,0,,
751,that the,8404,0,,
752,such as,3758,0,,
753,a carbon,1085,0,,
754,the climate,6955,0,,
755,news and,260,0,,
756,a large,752,0,,
757,at the,8359,0,,
758,the company,577,0,,
759,is a,6240,0,,
760,subscribe to,168,0,,
761,protected by,193,0,,
762,of our,2231,0,,
763,your inbox,489,0,,
764,are happening,170,0,,
765,The big,114,0,,
766,going to,2899,0,,
767,to the,15695,0,,
768,reporting on the,125,0,,
769,the report,2063,0,,
770,that can,1073,0,,
771,and Twitter,155,0,,
772,on Facebook and,147,0,,
773,the University of,1484,0,,
774,that we,2558,0,,
775,on the coronavirus,101,0,,
776,this story,122,0,,
777,it is,4007,0,,
778,the coronavirus crisis,157,0,,
779,and free,52,0,,
780,and the,10303,0,,
781,happening now,172,0,,
782,on the,11056,0,,
783,he says,384,0,,
784,would be,3106,0,,
785,The Independent,127,0,,
786,that matters,151,0,,
787,the world,7915,0,,
788,for the,8823,0,,
789,from the,8235,0,,
790,per cent of,286,0,,
791,in a,6258,0,,
792,on record,1408,0,,
793,more than,5750,0,,
794,back in,303,0,,
795,needs your help,245,0,,
796,to cut,1286,0,,
797,by the,7048,0,,
798,independent journalism of,269,0,,
799,according to the,1440,0,,
800,to be,8000,0,,
801,a few,1154,0,,
802,like to,373,0,,
803,It is,1999,0,,
804,The Associated Press,164,0,,
805,the government,1239,0,,
806,she says,158,0,,
807,off with,59,0,,
808,over the,3657,0,,
809,in a statement,771,0,,
810,the coronavirus,758,0,,
811,is the,4664,0,,
812,Get our,248,0,,
813,Sign up,305,0,,
814,technologies and,123,0,,
815,delivered to your,236,0,,
816,need to,3815,0,,
817,over the next,560,0,,
818,on Twitter,576,0,,
819,at the University,973,0,,
820,if you,670,0,,
821,startups,22,0,,
822,to keep,1278,0,,
823,is not,3292,0,,
824,would like to,197,0,,
825,do not,895,0,,
826,about the,3345,0,,
827,have to,2529,0,,
828,the European,718,0,,
829,to your inbox,263,0,,
830,a lot,1648,0,,
831,he added,395,0,,
832,I think,1306,0,,
833,the companys,230,0,,
834,the next,2235,0,,
835,to a,4910,0,,
836,the worlds,3282,0,,
837,to do,2626,0,,
838,no longer,701,0,,
839,have been,3905,0,,
840,we have,2202,0,,
841,our best,294,0,,
842,is that,2179,0,,
843,the pandemic,534,0,,
844,countries to,603,0,,
845,the last,1926,0,,
846,the storm,191,0,,
847,in the United,1465,0,,
848,the Trump,1465,0,,
849,billion in,327,0,,
850,into the,3063,0,,
851,the agreement,412,0,,
852,the news,253,0,,
853,is now,1011,0,,
854,it works,55,0,,
855,I dont,859,0,,
856,they are,1834,0,,
857,due to,1822,0,,
858,This article is,367,0,,
859,the numbers,157,0,,
860,to get,1722,0,,
861,By the,283,0,,
862,in your inbox,100,0,,
863,increase in,1322,0,,
864,this year,1594,0,,
865,of a,5112,0,,
866,the accord,156,0,,
867,energy and,1032,0,,
868,and other,2754,0,,
869,You can,325,0,,
870,the virus,289,0,,
871,According to,1206,0,,
872,the countrys,684,0,,
873,Sign up here,121,0,,
874,action to,761,0,,
875,will be,4677,0,,
876,a billion,250,0,,
877,up as,122,0,,
878,sign up,78,0,,
879,holds a,255,0,,
880,the UKs,391,0,,
881,to C,670,0,,
882,has been,4120,0,,
883,a real,257,0,,
884,compared to,693,0,,
885,that are,1542,0,,
886,of course,600,0,,
887,this is,1609,0,,
888,to make,2493,0,,
889,part of,2619,0,,
890,by and,663,0,,
891,and more,1544,0,,
892,we are,2336,0,,
893,not a,966,0,,
894,there is,2042,0,,
895,here as part,63,0,,
896,the National,1313,0,,
897,all of,1291,0,,
898,can be,2017,0,,
899,the most,3384,0,,
900,or higher,58,0,,
901,In this,285,0,,
902,according to a,822,0,,
903,The students,27,0,,
904,technologies that,165,0,,
905,around the,2641,0,,
906,the past,2618,0,,
907,This is,2566,0,,
908,companies to,314,0,,
909,the moment,279,0,,
910,be a,1830,0,,
911,expected to,1269,0,,
912,with the,5407,0,,
913,But the,1569,0,,
914,your inbox Sign,69,0,,
915,inbox Sign up,69,0,,
916,Read the,118,0,,
917,in the Arctic,761,0,,
918,invested in,113,0,,
919,out of,2726,0,,
920,of this,2000,0,,
921,news in,94,0,,
922,a huge,596,0,,
923,around the world,1782,0,,
924,could be,1999,0,,
925,we need,1607,0,,
926,was originally published,69,0,,
927,not be,1309,0,,
928,and it,903,0,,
929,the s,1243,0,,
930,the same,2622,0,,
931,found that,1763,0,,
932,is to,1583,0,,
933,tonnes of,417,0,,
934,In the,2534,0,,
935,continue to,1488,0,,
936,the left,214,0,,
937,the state,1008,0,,
938,percent of the,808,0,,
939,for a,3356,0,,
940,story was originally,51,0,,
941,as the,4549,0,,
942,burning,1844,0,,
943,this season,30,0,,
944,originally published by,56,0,,
945,in the US,575,0,,
946,as one,279,0,,
947,a lot of,1077,0,,
948,billion for,53,0,,
949,how much,1054,0,,
950,make a,593,0,,
951,the Climate Desk,53,0,,
952,The Verge,22,0,,
953,may be,1235,0,,
954,TRUE,910,0,,
955,incentives for,75,0,,
956,the Kyoto,181,0,,
957,in the atmosphere,1241,0,,
958,here for,100,0,,
959,science is,311,0,,
960,the Trump administration,958,0,,
961,as an,807,0,,
962,that climate change,1157,0,,
963,the federal,792,0,,
964,protests,727,0,,
965,of that,996,0,,
966,survival of our,154,0,,
967,largest,1980,0,,
968,its final,74,0,,
969,a new,2174,0,,
970,the first,2468,0,,
971,the benefits,184,0,,
972,not be in,62,0,,
973,executive,1078,0,,
974,elect,158,0,,
975,author of,625,0,,
976,READ MORE,33,0,,
977,to limit,1036,0,,
978,that they,1152,0,,
979,developed with,61,0,,
980,led to,611,0,,
981,kind of,1028,0,,
982,as a,4804,0,,
983,to bring you,153,0,,
984,to combat,539,0,,
985,than ever to,163,0,,
986,on a,2402,0,,
987,scope,244,0,,
988,we cant do,155,0,,
989,administrations,694,0,,
990,caused,2484,0,,
991,hearing,655,0,,
992,This story was,62,0,,
993,out the,679,0,,
994,across the,2080,0,,
995,be updated,64,0,,
996,enter,219,0,,
997,essential to the,150,0,,
998,on Thursday,417,0,,
999,engines,119,0,,
