,PHRASE,COUNT,ON_TOPIC,UNIQUE,SPECIFIC
0,asylum,485,1,1.0,1.0
1,back doors,63,1,1.0,1.0
2,classified information,776,1,1.0,1.0
3,counterintelligence,417,1,1.0,1.0
4,Courage Foundation,67,1,1.0,1.0
5,crimes,490,1,1.0,1.0
6,cyber security,107,1,1.0,1.0
7,extradition,1357,1,1.0,1.0
8,foreign intelligence,277,1,1.0,1.0
9,hack,519,1,1.0,1.0
10,hackers,697,1,1.0,1.0
11,hacking,968,1,1.0,1.0
12,indictment,1294,1,1.0,1.0
13,investigation,1459,1,1.0,1.0
14,Julian Assange,1064,1,1.0,1.0
15,Main Core,60,1,1.0,1.0
16,military documents,46,1,1.0,1.0
17,military intelligence,296,1,1.0,1.0
18,national security,1431,1,1.0,1.0
19,Paul Whelan,415,1,1.0,1.0
20,political operative,23,1,1.0,1.0
21,public interest,152,1,1.0,1.0
22,sanctions,543,1,1.0,1.0
23,spy,2819,1,1.0,1.0
24,surveillance,1497,1,1.0,1.0
25,technology,1629,1,1.0,1.0
26,dossier,352,1,1.0,1.0
27,the Espionage Act,670,1,1.0,1.0
28,the NSA,591,1,1.0,1.0
29,Ben Menashe,148,1,1.0,0.0
30,Chinese national,52,1,1.0,0.0
31,Chinese spy,80,1,1.0,0.0
32,Communist China,45,1,1.0,0.0
33,data,1467,1,1.0,0.0
34,Eric Swalwell,30,1,1.0,0.0
35,Huawei Technologies,62,1,1.0,0.0
36,Israeli intelligence,188,1,1.0,0.0
37,Israeli military intelligence,95,1,1.0,0.0
38,Jeffrey Epstein,87,1,1.0,0.0
39,Kaspersky Lab,61,1,1.0,0.0
40,Lockheed Martin,62,1,1.0,0.0
41,Shalev Hulio,49,1,1.0,0.0
42,government,6585,1,1.0,0.0
43,United States intelligence,579,1,1.0,0.0
44,networks,782,1,1.0,0.0
45,United States government,839,1,1.0,0.0
46,Intelligence Committee,295,1,1.0,0.0
47,House Intelligence Committee,143,1,1.0,0.0
48,intelligence officials,331,1,1.0,0.0
49,freedom,493,1,1.0,0.0
50,United States military,191,1,1.0,0.0
51,Trump campaign,347,1,1.0,0.0
52,Justice Department,940,1,1.0,0.0
53,States intelligence official,41,1,1.0,0.0
54,intelligence,7267,1,0.0,
55,political,1941,1,0.0,
56,information,5314,1,0.0,
57,espionage,2902,1,0.0,
58,security,4466,1,0.0,
59,military,2141,1,0.0,
60,classified,1924,1,0.0,
61,spying,2188,1,0.0,
62,tech,678,1,0.0,
63,WikiLeaks founder,359,1,0.0,
64,Mr Assange,262,1,0.0,
65,States intelligence officials,63,1,0.0,
66,Rep Eric Swalwell,16,1,0.0,
67,WikiLeaks founder Julian,231,1,0.0,
68,founder Julian Assange,270,1,0.0,
69,United States,10639,0,,
70,officials,2935,0,,
71,know,2084,0,,
72,consulate,435,0,,
73,local,298,0,,
74,former,3127,0,,
75,Bay Area,45,0,,
76,current,417,0,,
77,court,2253,0,,
78,embassy,1432,0,,
79,campaign,1313,0,,
80,firms,367,0,,
81,journalists,1246,0,,
82,relationship,655,0,,
83,charges,2341,0,,
84,official,1282,0,,
85,company,2598,0,,
86,recognition,119,0,,
87,case,3058,0,,
88,companies,1659,0,,
89,could,3205,0,,
90,documents,1984,0,,
91,firm,764,0,,
92,sexual,286,0,,
93,member,487,0,,
94,free,550,0,,
95,police,804,0,,
96,national,2169,0,,
97,ties,619,0,,
98,nuclear,536,0,,
99,products,479,0,,
100,media,1735,0,,
101,one,3565,0,,
102,report,2104,0,,
103,venture,70,0,,
104,think,1368,0,,
105,year,2312,0,,
106,politicians,230,0,,
107,prosecutors,899,0,,
108,alleged,1104,0,,
109,United States officials,288,0,,
110,US government,354,0,,
111,prison,1572,0,,
112,prosecution,565,0,,
113,elected,107,0,,
114,activities,739,0,,
115,press,1029,0,,
116,secrets,1273,0,,
117,operative,162,0,,
118,agencies,1475,0,,
119,state,1951,0,,
120,attorneys,246,0,,
121,authorities,1064,0,,
122,foreign,2232,0,,
123,public,1941,0,,
124,journalist,862,0,,
125,research,640,0,,
126,hearing,863,0,,
127,agency,1319,0,,
128,close,637,0,,
129,founder,815,0,,
130,software,768,0,,
131,video,732,0,,
132,allegations,798,0,,
133,big,364,0,,
134,trade,936,0,,
135,charge,736,0,,
136,lawyer,733,0,,
137,back,1469,0,,
138,used,2064,0,,
139,publishing,555,0,,
140,legal,985,0,,
141,influence,488,0,,
142,opinion,145,0,,
143,countries,1260,0,,
144,eligible,66,0,,
145,believe,644,0,,
146,federal,1068,0,,
147,equipment,812,0,,
148,cultural,69,0,,
149,arrested,1379,0,,
150,intelligence official,128,0,,
151,war,1042,0,,
152,conservative,86,0,,
153,continued,359,0,,
154,office,661,0,,
155,operations,900,0,,
156,computer,983,0,,
157,event,170,0,,
158,growing,248,0,,
159,statement,1303,0,,
160,detained,626,0,,
161,comment,555,0,,
162,workers,206,0,,
163,charged,1180,0,,
164,lawyers,639,0,,
165,access,1557,0,,
166,facial recognition,60,0,,
167,article,514,0,,
168,arrest,1302,0,,
169,family,888,0,,
170,counter,242,0,,
171,systems,629,0,,
172,becoming,153,0,,
173,audience,100,0,,
174,rights,941,0,,
175,time,2576,0,,
176,evidence,1447,0,,
177,services,860,0,,
178,Hong Kong,319,0,,
179,accused,1248,0,,
180,alerts,83,0,,
181,memo,339,0,,
182,tools,422,0,,
183,publication,433,0,,
184,suspected,346,0,,
185,investments,57,0,,
186,swap,168,0,,
187,alleged Chinese,34,0,,
188,events,234,0,,
189,files,507,0,,
190,pandemic,168,0,,
191,entertainment,21,0,,
192,really,775,0,,
193,administration,1172,0,,
194,country,1382,0,,
195,opportunities,109,0,,
196,well,1599,0,,
197,last,1903,0,,
198,immediately,389,0,,
199,president,1007,0,,
200,union,89,0,,
201,mayor,22,0,,
202,original,194,0,,
203,San Francisco,126,0,,
204,human,749,0,,
205,request,668,0,,
206,friends,392,0,,
207,secret,1481,0,,
208,dont,1054,0,,
209,right,1007,0,,
210,attack,682,0,,
211,officials believe,32,0,,
212,resign,32,0,,
213,team,576,0,,
214,seen,592,0,,
215,two,2544,0,,
216,operation,849,0,,
217,city,226,0,,
218,risk,809,0,,
219,much,1142,0,,
220,months,980,0,,
221,investors,77,0,,
222,university,147,0,,
223,capital,167,0,,
224,sentence,740,0,,
225,breaking,265,0,,
226,first,1679,0,,
227,letter,373,0,,
228,relationships,103,0,,
229,years,3222,0,,
230,trial,776,0,,
231,measures,233,0,,
232,inside,568,0,,
233,available,339,0,,
234,even,1755,0,,
235,agents,960,0,,
236,threat,1040,0,,
237,testimony,238,0,,
238,didnt,752,0,,
239,circles,63,0,,
240,allegedly,693,0,,
241,network,828,0,,
242,provide,703,0,,
243,old,610,0,,
244,attacks,544,0,,
245,created,400,0,,
246,telecoms,194,0,,
247,friend,328,0,,
248,decision,770,0,,
249,call,537,0,,
250,conspiracy,627,0,,
251,phone,894,0,,
252,theft,546,0,,
253,document,436,0,,
254,applications,185,0,,
255,knew,493,0,,
256,today,477,0,,
257,doors,141,0,,
258,warrant,342,0,,
259,interest,537,0,,
260,get,1245,0,,
261,known,955,0,,
262,using,1108,0,,
263,release,914,0,,
264,election,935,0,,
265,violating,336,0,,
266,sources,1031,0,,
267,program,793,0,,
268,agent,1054,0,,
269,US authorities,71,0,,
270,concerns,694,0,,
271,spies,928,0,,
272,students,244,0,,
273,later,1123,0,,
274,record,390,0,,
275,officers,639,0,,
276,use,1537,0,,
277,messages,381,0,,
278,might,946,0,,
279,noted,388,0,,
280,never,1136,0,,
281,treaty,152,0,,
282,system,807,0,,
283,supply,160,0,,
284,human source,21,0,,
285,whether,1293,0,,
286,atomic,75,0,,
287,law,1800,0,,
288,likely,735,0,,
289,New York,868,0,,
290,tip,73,0,,
291,power,709,0,,
292,work,1437,0,,
293,others,595,0,,
294,secret United States,33,0,,
295,including,2028,0,,
296,political circles,21,0,,
297,global,715,0,,
298,previously,420,0,,
299,extensive,169,0,,
300,closure,79,0,,
301,mean,395,0,,
302,members,726,0,,
303,breach,321,0,,
304,decade,303,0,,
305,prisoner,179,0,,
306,week,1094,0,,
307,consulates,66,0,,
308,added,842,0,,
309,business,830,0,,
310,party,332,0,,
311,torture,319,0,,
312,encryption,310,0,,
313,meet,351,0,,
314,material,642,0,,
315,sentenced,495,0,,
316,top,889,0,,
317,Christine Fang,13,0,,
318,misuse,73,0,,
319,spokesman,389,0,,
320,kit,48,0,,
321,stated,296,0,,
322,student,213,0,,
323,ministry,274,0,,
324,detention,484,0,,
325,year old Australian,40,0,,
326,released,868,0,,
327,based,1050,0,,
328,host,126,0,,
329,currently,334,0,,
330,computer misuse,31,0,,
331,State Department,498,0,,
332,cases,678,0,,
333,spokesperson,188,0,,
334,vary,73,0,,
335,every,662,0,,
336,requests,329,0,,
337,Nancy Pelosi,32,0,,
338,face,655,0,,
339,left,599,0,,
340,leaks,349,0,,
341,international,755,0,,
342,intelligence community,486,0,,
343,delayed,45,0,,
344,criminal,745,0,,
345,law enforcement,477,0,,
346,records,419,0,,
347,password,248,0,,
348,intellectual property,336,0,,
349,interested,223,0,,
350,called,1399,0,,
351,name,649,0,,
352,communist,89,0,,
353,logs,107,0,,
354,collusion,146,0,,
355,long,1197,0,,
356,linked,320,0,,
357,without,1017,0,,
358,large,383,0,,
359,hacking tools,89,0,,
360,convicted,534,0,,
361,photo,128,0,,
362,history,838,0,,
363,G networks,190,0,,
364,make,1139,0,,
365,artificial intelligence,124,0,,
366,sensitive,701,0,,
367,home,675,0,,
368,employees,743,0,,
369,chief,642,0,,
370,procedures,70,0,,
371,claims,647,0,,
372,Carter Page,147,0,,
373,revealed,649,0,,
374,far,657,0,,
375,special,528,0,,
376,Intel Committee,14,0,,
377,indicted,256,0,,
378,matter,577,0,,
379,asked,913,0,,
380,offences,63,0,,
381,Moore Gilbert,100,0,,
382,saying,958,0,,
383,night,221,0,,
384,officer,935,0,,
385,First Amendment,361,0,,
386,legislation,167,0,,
387,gain,228,0,,
388,want,833,0,,
389,deals,88,0,,
390,made,1820,0,,
391,deal,593,0,,
392,blackmail,127,0,,
393,citizens,630,0,,
394,governments,1187,0,,
395,human rights,439,0,,
396,ban,292,0,,
397,fact,717,0,,
398,affidavit,65,0,,
399,targeted,531,0,,
400,democracy,233,0,,
401,became,517,0,,
402,campus,46,0,,
403,weapons,343,0,,
404,maximum,176,0,,
405,code,303,0,,
406,leak,357,0,,
407,interference,285,0,,
408,revised,78,0,,
409,threats,402,0,,
410,around,1038,0,,
411,compromised,197,0,,
412,several,850,0,,
413,allies,570,0,,
414,private,825,0,,
415,meetings,241,0,,
416,death,425,0,,
417,Crypto AG,101,0,,
418,Huawei Technologies Co,24,0,,
419,political intelligence,16,0,,
420,claimed,538,0,,
421,million,560,0,,
422,real,508,0,,
423,government agencies,144,0,,
424,Steele dossier,66,0,,
425,brother,336,0,,
426,informant,128,0,,
427,grand jury,240,0,,
428,exposed,424,0,,
429,economic,607,0,,
430,gear,92,0,,
431,picture,109,0,,
432,numerous,181,0,,
433,extradition request,155,0,,
434,carry,213,0,,
435,service,778,0,,
436,stock,36,0,,
437,high,905,0,,
438,chat,85,0,,
439,venture capital,28,0,,
440,bomb,89,0,,
441,papers,198,0,,
442,see,967,0,,
443,complaint,309,0,,
444,internet,325,0,,
445,Anderson Cooper,39,0,,
446,Assange could,59,0,,
447,though,598,0,,
448,recent,684,0,,
449,moves,80,0,,
450,cameras,171,0,,
451,extradition case,78,0,,
452,New York Times,485,0,,
453,Chinese intelligence,287,0,,
454,machines,182,0,,
455,person,679,0,,
456,UC Global,115,0,,
457,minister,340,0,,
458,extradition hearing,155,0,,
459,universities,158,0,,
460,children,201,0,,
461,jail,468,0,,
462,supply chain,79,0,,
463,executed,140,0,,
464,leaked,437,0,,
465,three,978,0,,
466,multiple,302,0,,
467,diplomats,369,0,,
468,campaigns,160,0,,
469,sexual relationships,11,0,,
470,communications,614,0,,
471,politician,68,0,,
472,move,408,0,,
473,disclosure,234,0,,
474,fundraising,17,0,,
475,crime,524,0,,
476,chain,142,0,,
477,conference,420,0,,
478,United States Marine,87,0,,
479,began,550,0,,
480,materials,201,0,,
481,probe,194,0,,
482,senior,656,0,,
483,published,830,0,,
484,way,1164,0,,
485,since,1230,0,,
486,availability,80,0,,
487,Maria Butina,184,0,,
488,order,690,0,,
489,current United States,12,0,,
490,provided,657,0,,
491,US intelligence,223,0,,
492,giant,338,0,,
493,removed,161,0,,
494,arms,177,0,,
495,Fox News host,12,0,,
496,President Donald Trump,259,0,,
497,researchers,241,0,,
498,group,733,0,,
499,believe Fang,10,0,,
500,romantic,40,0,,
501,US officials,123,0,,
502,reserved,99,0,,
503,former United States,198,0,,
504,things,515,0,,
505,earlier,534,0,,
506,man,637,0,,
507,committee,304,0,,
508,act,450,0,,
509,risks,296,0,,
510,Prime Minister,273,0,,
511,platforms,95,0,,
512,protests,121,0,,
513,electronic,310,0,,
514,authoritative,88,0,,
515,denied,689,0,,
516,operatives,263,0,,
517,briefed,95,0,,
518,war crimes,165,0,,
519,devices,644,0,,
520,need,608,0,,
521,guilty,657,0,,
522,Jonathan Pollard,19,0,,
523,must,605,0,,
524,Axios reported,11,0,,
525,users,362,0,,
526,privacy,363,0,,
527,Five Eyes,139,0,,
528,telecommunications,272,0,,
529,deadline,102,0,,
530,start,344,0,,
531,extended,83,0,,
532,plea,205,0,,
533,major,620,0,,
534,attorney,534,0,,
535,elected officials,17,0,,
536,month,807,0,,
537,stolen,345,0,,
538,unmasking requests,50,0,,
539,press freedom,183,0,,
540,server,134,0,,
541,ordered,332,0,,
542,director,926,0,,
543,alleged spy,32,0,,
544,hard,428,0,,
545,working,1113,0,,
546,good,610,0,,
547,vulnerabilities,193,0,,
548,operators,75,0,,
549,relations,411,0,,
550,another,903,0,,
551,judge,548,0,,
552,Wall Street Journal,142,0,,
553,got,568,0,,
554,book,416,0,,
555,Chelsea Manning,363,0,,
556,drive,319,0,,
557,Foreign Intelligence Surveillance,114,0,,
558,course,385,0,,
559,Minority Leader,30,0,,
560,held,781,0,,
561,remains,300,0,,
562,laws,383,0,,
563,mobile,289,0,,
564,leader,334,0,,
565,defensive,48,0,,
566,given,716,0,,
567,corporate,313,0,,
568,outside,508,0,,
569,furlough,13,0,,
570,individuals,397,0,,
571,something,638,0,,
572,medical,246,0,,
573,secret services,35,0,,
574,list,355,0,,
575,intelligence committee,40,0,,
576,secretary,276,0,,
577,clear,799,0,,
578,civilian,132,0,,
579,thing,445,0,,
580,Intelligence Agency,189,0,,
581,question,556,0,,
582,intelligence agency,282,0,,
583,prisoners,167,0,,
584,powerful,262,0,,
585,end,706,0,,
586,briefing,142,0,,
587,father,258,0,,
588,dissidents,179,0,,
589,words,260,0,,
590,transcripts,102,0,,
591,spooks,47,0,,
592,following,461,0,,
593,raid,101,0,,
594,taken,554,0,,
595,stage,98,0,,
596,referendum,26,0,,
597,updated,125,0,,
598,already,728,0,,
599,market,257,0,,
600,parliament,101,0,,
601,Attorney General,305,0,,
602,within,563,0,,
603,legal team,150,0,,
604,become,617,0,,
605,meeting,597,0,,
606,politicians including,16,0,,
607,warrants,143,0,,
608,anything,470,0,,
609,commercial,234,0,,
610,actually,501,0,,
611,point,600,0,,
612,a spy,531,0,,
613,the dossier,162,0,,
614,the US,2532,0,,
615,the United States,5723,0,,
616,the FBI,1461,0,,
617,The Daily,145,0,,
618,Also on,199,0,,
619,you know,520,0,,
620,the House,305,0,,
621,relationship with,318,0,,
622,the Chinese,1676,0,,
623,according to,1817,0,,
624,to the,7648,0,,
625,a Chinese,403,0,,
626,The news,208,0,,
627,in the,10176,0,,
628,this story,202,0,,
629,that the,4269,0,,
630,the UK,835,0,,
631,the UAE,228,0,,
632,with a Chinese,38,0,,
633,Read more,185,0,,
634,site is,113,0,,
635,with a,1255,0,,
636,is protected by,118,0,,
637,the consulate,118,0,,
638,and free,42,0,,
639,The Intercept,180,0,,
640,ties to,383,0,,
641,your inbox,130,0,,
642,has been,2195,0,,
643,to The,135,0,,
644,and the,3381,0,,
645,the embassy,685,0,,
646,of Assange,258,0,,
647,the CIA,1407,0,,
648,and former,318,0,,
649,had been,1407,0,,
650,the Trump,821,0,,
651,by the,3180,0,,
652,is one of,150,0,,
653,the coronavirus,209,0,,
654,the FISA,183,0,,
655,the Justice Department,497,0,,
656,is available,59,0,,
657,the Ecuadorian,423,0,,
658,on the,3699,0,,
659,of Congress,115,0,,
660,companies and,169,0,,
661,Assange and,332,0,,
662,current and former,114,0,,
663,the US and,214,0,,
664,one of,1364,0,,
665,can provide,67,0,,
666,the Trump campaign,223,0,,
667,your friends,66,0,,
668,for more,171,0,,
669,becoming a,52,0,,
670,and counter,27,0,,
671,provide a,94,0,,
672,in a,3174,0,,
673,he was,2123,0,,
674,the House Intelligence,111,0,,
675,access to,1038,0,,
676,I had,198,0,,
677,in the US,408,0,,
678,I think,686,0,,
679,a statement,726,0,,
680,as of,81,0,,
681,be interested,73,0,,
682,the government,1057,0,,
683,of Americas,46,0,,
684,by The,172,0,,
685,opinion and,23,0,,
686,created by,103,0,,
687,with the,3024,0,,
688,to any,164,0,,
689,one of Americas,21,0,,
690,the Soviet,256,0,,
691,and special,83,0,,
692,Assange is,542,0,,
693,In this,94,0,,
694,in London,614,0,,
695,consulate in,170,0,,
696,This article is,97,0,,
697,did not,1183,0,,
698,a Chinese spy,39,0,,
699,that matter,92,0,,
700,for the,3345,0,,
701,to a,1771,0,,
702,of secret,110,0,,
703,Committee on,64,0,,
704,Reporting by,26,0,,
705,against Assange,346,0,,
706,The US,345,0,,
707,Editing by,25,0,,
708,The Washington Post,264,0,,
709,in Houston,109,0,,
710,to the US,311,0,,
711,the Guardian,157,0,,
712,the Russian,910,0,,
713,in the United,1107,0,,
714,a US,265,0,,
715,a large,160,0,,
716,the indictment,443,0,,
717,the public,601,0,,
718,to close,92,0,,
719,the US government,216,0,,
720,is more than,97,0,,
721,in prison,704,0,,
722,a decade,193,0,,
723,publication of,267,0,,
724,Your Inbox,52,0,,
725,of Chinese,270,0,,
726,the company,907,0,,
727,it is,1158,0,,
728,to spy on,397,0,,
729,as well as,674,0,,
730,I mean,206,0,,
731,I was,468,0,,
732,that he,1675,0,,
733,is now,293,0,,
734,back in,152,0,,
735,in a statement,450,0,,
736,is not,1162,0,,
737,would be,1184,0,,
738,that can,172,0,,
739,on Intelligence,57,0,,
740,on Tuesday,335,0,,
741,on Monday,308,0,,
742,the Intel,17,0,,
743,Huawei and,271,0,,
744,sentence of years,52,0,,
745,of its,656,0,,
746,that Assange,417,0,,
747,have been,1590,0,,
748,on Wednesday,291,0,,
749,is the,1193,0,,
750,ADVERTISEMENT The,42,0,,
751,in Moscow,512,0,,
752,to China,332,0,,
753,Mar a Lago,142,0,,
754,the Bay Area,21,0,,
755,charges over,34,0,,
756,she was,529,0,,
757,to steal,474,0,,
758,The FBI,261,0,,
759,to the United,858,0,,
760,the country,537,0,,
761,the FBIs,248,0,,
762,of years in,41,0,,
763,a current,24,0,,
764,going to,668,0,,
765,the president,430,0,,
766,of our,422,0,,
767,the firm,137,0,,
768,Assange was,401,0,,
769,was a,1334,0,,
770,of a,2429,0,,
771,in China,493,0,,
772,on Thursday,351,0,,
773,was arrested,690,0,,
774,years in,590,0,,
775,charges carry a,34,0,,
776,the intelligence,605,0,,
777,on Friday,261,0,,
778,The charges,126,0,,
779,would have,590,0,,
780,the FISA court,54,0,,
781,Committee on Intelligence,34,0,,
782,a maximum sentence,51,0,,
783,maximum sentence of,52,0,,
784,it was,1362,0,,
785,had a,400,0,,
786,a friend,150,0,,
787,at the,3051,0,,
788,created on,71,0,,
789,Whelan was,246,0,,
790,there is,574,0,,
791,to be,2670,0,,
792,be updated,78,0,,
793,the coronavirus pandemic,74,0,,
794,the court,457,0,,
795,the Chinese government,524,0,,
796,of this,654,0,,
797,they were,682,0,,
798,of use,78,0,,
799,of years,121,0,,
800,sentence of,141,0,,
801,it with,111,0,,
802,the year old,87,0,,
803,its final form,74,0,,
804,developed with,71,0,,
805,are created,75,0,,
806,carry a,55,0,,
807,in its final,75,0,,
808,years in prison,399,0,,
809,carry a maximum,25,0,,
810,this is,567,0,,
811,in the Bay,18,0,,
812,a maximum,115,0,,
813,the data,147,0,,
814,of spying,479,0,,
815,of the Chinese,239,0,,
816,prosecutors have,61,0,,
817,a rush,77,0,,
818,a proprietary,71,0,,
819,embassy in,394,0,,
820,under the,708,0,,
821,on the House,54,0,,
822,as the,1248,0,,
823,in Iran,298,0,,
824,the world,1082,0,,
825,the Israeli,196,0,,
826,a decade ago,55,0,,
827,espionage and,323,0,,
828,in Israel,104,0,,
829,by the US,136,0,,
830,the FSB,174,0,,
831,and the United,236,0,,
832,form and,77,0,,
833,and other,917,0,,
834,in Russia,472,0,,
835,be in its,76,0,,
836,the companys,424,0,,
837,the British,453,0,,
838,Lawyers for,23,0,,
839,a foreign,443,0,,
840,and computer misuse,21,0,,
841,team at,19,0,,
842,of Israeli,84,0,,
843,and computer,58,0,,
844,the audio,83,0,,
845,spying on,430,0,,
846,not be in,79,0,,
847,documents a,20,0,,
848,of espionage,489,0,,
849,a lot,468,0,,
850,who knew,28,0,,
851,the hack,84,0,,
852,Assange and the,39,0,,
853,at a,675,0,,
854,Fang had,10,0,,
855,violating the Espionage,109,0,,
856,the Australian,171,0,,
857,one of the,761,0,,
858,to WikiLeaks,198,0,,
859,espionage and computer,25,0,,
860,to the news,34,0,,
861,Eric Swalwell D,11,0,,
862,the year,163,0,,
863,member of,317,0,,
864,for further,81,0,,
865,and may be,80,0,,
866,use and,78,0,,
867,according to the,566,0,,
868,the story,214,0,,
869,contractor and,85,0,,
870,the case,875,0,,
871,is a,1987,0,,
872,by the coronavirus,20,0,,
873,should be,455,0,,
874,on Twitter,256,0,,
875,during the,591,0,,
876,accused of,675,0,,
877,contributed to this,121,0,,
878,act of,146,0,,
879,declined to,260,0,,
880,off in,26,0,,
881,indicted the,17,0,,
882,the press,342,0,,
883,the news,167,0,,
884,that I,300,0,,
885,of war,71,0,,
886,prosecution of,119,0,,
887,a Russian,463,0,,
888,And I,204,0,,
889,Fang was,10,0,,
890,according to a,276,0,,
891,to this report,107,0,,
892,the information,457,0,,
893,the potential,120,0,,
894,intelligence and,329,0,,
895,as a,2467,0,,
896,the American,534,0,,
897,the WikiLeaks,230,0,,
898,is more,168,0,,
899,in the UAE,57,0,,
900,that it,943,0,,
901,such as,660,0,,
902,from the,2547,0,,
903,about the,1474,0,,
904,to make,572,0,,
905,the White House,391,0,,
906,at risk,194,0,,
907,for comment,170,0,,
908,Israel and,79,0,,
909,familiar with the,131,0,,
910,a member of,158,0,,
911,the FISA Court,25,0,,
912,the Soviet Union,158,0,,
913,a tip,26,0,,
914,that the FBI,161,0,,
915,is that,552,0,,
916,to do,832,0,,
917,The United States,546,0,,
918,that China,203,0,,
919,removed from,69,0,,
920,respond to,229,0,,
921,further information,81,0,,
922,not immediately,96,0,,
923,a United States,341,0,,
924,Fang and,12,0,,
925,the Venona,30,0,,
926,investments in,29,0,,
927,of July,16,0,,
928,Director of National,137,0,,
929,trying to,676,0,,
930,be removed,33,0,,
931,at least,620,0,,
932,an act of,76,0,,
933,Huawei has,210,0,,
934,relationship with a,23,0,,
935,to gain,149,0,,
936,can be,523,0,,
937,Swalwell to,11,0,,
938,be removed from,23,0,,
939,spying for,311,0,,
940,up and,107,0,,
941,of National Intelligence,141,0,,
942,United States and,593,0,,
943,over the,769,0,,
944,the allegations,179,0,,
945,embassy in London,189,0,,
946,a prisoner,65,0,,
947,linked to,199,0,,
948,ago,481,0,,
949,charged with,517,0,,
950,This is,773,0,,
951,members of,467,0,,
952,the BBC,107,0,,
953,who had,379,0,,
954,Paul Whelans,73,0,,
955,Select Committee on,32,0,,
956,to have,930,0,,
957,the continent,22,0,,
958,more than,998,0,,
959,for publishing,175,0,,
960,is seen,49,0,,
961,Joe Lauria,45,0,,
962,had to,243,0,,
963,In the,670,0,,
964,to United States,204,0,,
965,kind of,412,0,,
966,the report,410,0,,
967,have to,489,0,,
968,in an,783,0,,
969,it had,319,0,,
970,of the US,195,0,,
971,According to,561,0,,
972,for Israel,35,0,,
973,say the,151,0,,
974,Huawei is,228,0,,
975,that she,414,0,,
976,It is,690,0,,
977,declined to comment,139,0,,
978,and one,138,0,,
979,to Israel,61,0,,
980,Epstein and,50,0,,
981,news from,105,0,,
982,off with,26,0,,
983,that United States,111,0,,
984,Assange has,275,0,,
985,one former,23,0,,
986,this report,155,0,,
987,the Mossad,70,0,,
988,by China,93,0,,
989,into the,834,0,,
990,the national,179,0,,
991,high stakes,20,0,,
992,the Russia,137,0,,
993,make it,139,0,,
994,who was,755,0,,
995,the West,216,0,,
996,could be,729,0,,
997,that was,521,0,,
998,an alleged,93,0,,
999,Abu Dhabi,55,0,,
