,PHRASE,COUNT,ON_TOPIC,UNIQUE,SPECIFIC
0,annexation,4764,1,1.0,1.0
1,anti Israel,2089,1,1.0,1.0
2,anti Semitic,8665,1,1.0,1.0
3,anti Semitism,9672,1,1.0,1.0
4,genocide,1764,1,1.0,1.0
5,Benjamin Netanyahu,5477,1,1.0,1.0
6,peace,19203,1,1.0,1.0
7,reparations,782,1,1.0,1.0
8,sanctions,13048,1,1.0,1.0
9,settlements,6261,1,1.0,1.0
10,solidarity,2320,1,1.0,1.0
11,sovereignty,3653,1,1.0,1.0
12,terrorist,8685,1,1.0,1.0
13,violence,11662,1,1.0,1.0
14,war,42451,1,1.0,1.0
15,colonial,1466,1,1.0,1.0
16,conflict,12293,1,1.0,1.0
17,the Middle East,12768,1,1.0,1.0
18,the Palestinian,9597,1,1.0,1.0
19,the IDF,894,1,1.0,1.0
20,protective,3839,1,1.0,0.0
21,terror,5354,1,1.0,0.0
22,Air Force,2161,1,1.0,0.0
23,behind closed doors,8283,1,1.0,0.0
24,allies,11961,1,1.0,0.0
25,international,23702,1,0.0,
26,Prime Minister,13585,1,0.0,
27,Mr Netanyahu,1244,1,0.0,
28,Prime Minister Benjamin,6143,1,0.0,
29,prime minister,9677,1,0.0,
30,Israeli Prime Minister,4012,1,0.0,
31,occupied West Bank,2281,1,0.0,
32,nuclear,24008,1,0.0,
33,candidates,7804,1,0.0,
34,hijackers,442,1,0.0,
35,United States Navy,470,1,0.0,
36,Israeli officials,1145,1,0.0,
37,United States Air,250,1,0.0,
38,startups,336,1,0.0,
39,United States Army,527,1,0.0,
40,Donald Trump,15683,1,0.0,
41,wars,5713,1,0.0,
42,capitalism,1449,1,0.0,
43,democracies,925,1,0.0,
44,Joe Biden,4175,1,0.0,
45,public health,2635,1,0.0,
46,Ilhan Omar,4442,1,0.0,
47,isolation,6133,1,0.0,
48,Jeremy Corbyn,1111,1,0.0,
49,Labour Party,1239,1,0.0,
50,restrictions,8244,1,0.0,
51,Tel Aviv,5470,1,0.0,
52,ultra Orthodox,1445,1,0.0,
53,democratic,4872,1,0.0,
54,diplomatic,5243,1,0.0,
55,foreign policy,9676,1,0.0,
56,human rights,8440,1,0.0,
57,Israel Adesanya,851,1,0.0,
58,military,39959,1,0.0,
59,Nobel Peace Prize,408,1,0.0,
60,oil,13170,1,0.0,
61,regime,11396,1,0.0,
62,Saudi Arabia,12050,1,0.0,
63,socialist,2249,1,0.0,
64,United Arab Emirates,2373,1,0.0,
65,postponed,48398,0,,
66,United States,119409,0,,
67,finds,16168,0,,
68,outbreak,33339,0,,
69,cancelled,24383,0,,
70,pictures,7797,0,,
71,scheduled,27569,0,,
72,company,13030,0,,
73,anti,39669,0,,
74,speed,3194,0,,
75,companies,10978,0,,
76,hitting,1602,0,,
77,data,9929,0,,
78,embracing,1328,0,,
79,rental,892,0,,
80,lessons,1870,0,,
81,know,42674,0,,
82,residents,5527,0,,
83,think,44469,0,,
84,concerns,7796,0,,
85,takes,6163,0,,
86,safety,4770,0,,
87,challenges,3481,0,,
88,city,16345,0,,
89,season,19388,0,,
90,appears,6023,0,,
91,potential,8470,0,,
92,deal,26597,0,,
93,class,7027,0,,
94,administration,25938,0,,
95,look,16027,0,,
96,cases,22264,0,,
97,officials,26348,0,,
98,million,24996,0,,
99,pandemic,13663,0,,
100,study,6163,0,,
101,games,12430,0,,
102,workers,9387,0,,
103,Grand Prix,6113,0,,
104,year,58633,0,,
105,president,46025,0,,
106,tournament,7457,0,,
107,suspended,13637,0,,
108,government,62751,0,,
109,health,23677,0,,
110,right,47065,0,,
111,media,28524,0,,
112,working class,1209,0,,
113,poll,3601,0,,
114,state,47336,0,,
115,one,106298,0,,
116,matches,8567,0,,
117,policy,28137,0,,
118,social,19159,0,,
119,political,41551,0,,
120,dont,34234,0,,
121,police,19768,0,,
122,countries,27336,0,,
123,protest,8213,0,,
124,black,10828,0,,
125,working,14722,0,,
126,rescheduled,4927,0,,
127,players,12273,0,,
128,foreign,26676,0,,
129,New York,24648,0,,
130,even,48468,0,,
131,round,5399,0,,
132,league,8052,0,,
133,announced,27242,0,,
134,team,22517,0,,
135,fight,19462,0,,
136,football,9598,0,,
137,party,21249,0,,
138,Premier League,5247,0,,
139,tested,14732,0,,
140,world,44093,0,,
141,really,20998,0,,
142,get,37028,0,,
143,security,27434,0,,
144,week,25928,0,,
145,crisis,13411,0,,
146,voters,10212,0,,
147,flame,5112,0,,
148,minister,16358,0,,
149,mass,7975,0,,
150,movement,12720,0,,
151,struggle,3350,0,,
152,customers,2266,0,,
153,hospital,7414,0,,
154,race,18911,0,,
155,life,19374,0,,
156,rights,20745,0,,
157,first,72273,0,,
158,plan,19265,0,,
159,relations,6502,0,,
160,article,8958,0,,
161,fixtures,3995,0,,
162,global,13579,0,,
163,human,18421,0,,
164,talks,6817,0,,
165,Mr Trump,3010,0,,
166,presidential,11067,0,,
167,address,6612,0,,
168,agreement,9579,0,,
169,found,21216,0,,
170,support,33073,0,,
171,vaccine,3786,0,,
172,tech,3391,0,,
173,title,7608,0,,
174,two,65707,0,,
175,startup,501,0,,
176,help,19596,0,,
177,polling,1816,0,,
178,campaign,30105,0,,
179,patients,6436,0,,
180,market,6161,0,,
181,women,14248,0,,
182,capitalist,913,0,,
183,cent,2726,0,,
184,firm,5066,0,,
185,boxing,4041,0,,
186,brain,1848,0,,
187,left,25295,0,,
188,business,11208,0,,
189,group,25021,0,,
190,candidate,8005,0,,
191,last,42927,0,,
192,clients,1515,0,,
193,weapons,13193,0,,
194,polls,3787,0,,
195,technology,6216,0,,
196,deaths,8520,0,,
197,agents,3625,0,,
198,election,23415,0,,
199,white,14375,0,,
200,forces,17393,0,,
201,region,14660,0,,
202,users,2736,0,,
203,States Air Force,240,0,,
204,school,13825,0,,
205,system,14211,0,,
206,others,14916,0,,
207,big,12425,0,,
208,time,67439,0,,
209,want,29352,0,,
210,public,30385,0,,
211,intelligence,14550,0,,
212,spread,12662,0,,
213,power,22943,0,,
214,home,26951,0,,
215,receive,3321,0,,
216,care,13285,0,,
217,conservative,6694,0,,
218,survey,1609,0,,
219,free,12465,0,,
220,billion,9505,0,,
221,next,20870,0,,
222,use,20971,0,,
223,statement,19254,0,,
224,might,19565,0,,
225,funding,5518,0,,
226,economic,15557,0,,
227,schools,7041,0,,
228,San Diego,789,0,,
229,signing,1724,0,,
230,raised,5555,0,,
231,work,26921,0,,
232,religious,9326,0,,
233,could,62078,0,,
234,mean,11423,0,,
235,desire,2335,0,,
236,much,32889,0,,
237,got,17255,0,,
238,services,6111,0,,
239,based,16878,0,,
240,former,29906,0,,
241,back,41636,0,,
242,platform,3664,0,,
243,well,36246,0,,
244,go,29736,0,,
245,way,36486,0,,
246,million years ago,2160,0,,
247,Friday March,3925,0,,
248,Olympic Games,4011,0,,
249,competitions,4033,0,,
250,positive,15680,0,,
251,events,18747,0,,
252,closed,15230,0,,
253,skull,2104,0,,
254,first time since,5314,0,,
255,Six Nations,3007,0,,
256,senior,9460,0,,
257,man,18070,0,,
258,confirmed,13296,0,,
259,take part,2648,0,,
260,occupied,6960,0,,
261,middleweight,960,0,,
262,years,60943,0,,
263,privacy,2326,0,,
264,illustration,2403,0,,
265,Champions League,3144,0,,
266,Olympic Committee,3004,0,,
267,federal,10250,0,,
268,near,10938,0,,
269,discrimination,2430,0,,
270,entertainment,779,0,,
271,play,15208,0,,
272,tournaments,3008,0,,
273,groups,15975,0,,
274,wish,2269,0,,
275,racist,7344,0,,
276,approval,2646,0,,
277,occupation,6374,0,,
278,organising,3063,0,,
279,game,13085,0,,
280,information,14462,0,,
281,official,16210,0,,
282,investors,1390,0,,
283,points,6909,0,,
284,students,10074,0,,
285,title fight,3054,0,,
286,court,10840,0,,
287,star,4041,0,,
288,service,8159,0,,
289,saying,19645,0,,
290,report,20107,0,,
291,leaders,20436,0,,
292,hundred,1813,0,,
293,robot,1195,0,,
294,eligible,1044,0,,
295,event,16030,0,,
296,used,21942,0,,
297,country,44756,0,,
298,hate,7690,0,,
299,law,25006,0,,
300,becoming,5715,0,,
301,interests,8264,0,,
302,fact,18472,0,,
303,today,17031,0,,
304,big picture,229,0,,
305,dinosaur,1483,0,,
306,attack,20871,0,,
307,research,6440,0,,
308,conversations,2213,0,,
309,states,16637,0,,
310,accounts,3604,0,,
311,primary,6637,0,,
312,hottest,379,0,,
313,space,5277,0,,
314,racism,5547,0,,
315,wing,9352,0,,
316,gender,1607,0,,
317,ties,5870,0,,
318,quarantine,6274,0,,
319,opinion,4370,0,,
320,video,11146,0,,
321,month,16137,0,,
322,climate,6005,0,,
323,ahead,14638,0,,
324,vaccines,1447,0,,
325,didnt,17113,0,,
326,pollsters,183,0,,
327,shall,1316,0,,
328,death,16143,0,,
329,box,1638,0,,
330,actually,13626,0,,
331,authors,1409,0,,
332,begin,5414,0,,
333,readers,1791,0,,
334,valid,814,0,,
335,woman,11005,0,,
336,happening,4187,0,,
337,program,11068,0,,
338,cultural,3541,0,,
339,national,21455,0,,
340,testing,5767,0,,
341,entered,2915,0,,
342,investigators,2267,0,,
343,nations,10355,0,,
344,masks,5144,0,,
345,views,6096,0,,
346,member,13236,0,,
347,relay,3023,0,,
348,emotions,498,0,,
349,attacks,16415,0,,
350,democracy,8477,0,,
351,New Jersey,2050,0,,
352,picture,3254,0,,
353,nurses,1061,0,,
354,vote,14815,0,,
355,measures,8437,0,,
356,never,23568,0,,
357,President Donald Trump,6186,0,,
358,things,17893,0,,
359,weeks,18830,0,,
360,counter,3084,0,,
361,employees,3696,0,,
362,summer,10818,0,,
363,rating,782,0,,
364,see,28927,0,,
365,added,12419,0,,
366,firms,2095,0,,
367,medical,8914,0,,
368,soldiers,6202,0,,
369,location,2338,0,,
370,around,25738,0,,
371,arms,5740,0,,
372,ago,18208,0,,
373,sexual,3535,0,,
374,flights,3515,0,,
375,need,22053,0,,
376,respondents,548,0,,
377,surveillance,3778,0,,
378,love,7230,0,,
379,day,37470,0,,
380,TEL AVIV,489,0,,
381,place,32054,0,,
382,spectators,3086,0,,
383,travel,11594,0,,
384,ruling,3764,0,,
385,original,3642,0,,
386,artists,3370,0,,
387,date,10419,0,,
388,every,20480,0,,
389,rally,5814,0,,
390,agreeing,569,0,,
391,voice,3806,0,,
392,decision,25562,0,,
393,three,32707,0,,
394,confirm,1392,0,,
395,including,39082,0,,
396,social media,6814,0,,
397,fossil,2898,0,,
398,tax,6347,0,,
399,talk,10427,0,,
400,disease,6325,0,,
401,inside,8165,0,,
402,must,17916,0,,
403,mental,2109,0,,
404,border,16051,0,,
405,went ahead,3049,0,,
406,killed,16984,0,,
407,BEGIN VIDEO CLIP,1264,0,,
408,likely,14249,0,,
409,troops,10361,0,,
410,New York Times,6813,0,,
411,END VIDEO CLIP,1256,0,,
412,evidence,12686,0,,
413,commission,2384,0,,
414,founder,3446,0,,
415,something,17712,0,,
416,check,3686,0,,
417,water,7130,0,,
418,infections,3156,0,,
419,agreements,2258,0,,
420,comments,8638,0,,
421,old,22165,0,,
422,population,8681,0,,
423,make,34296,0,,
424,reporting,5248,0,,
425,receiving,1969,0,,
426,South Korea,5581,0,,
427,represent,2892,0,,
428,history,17982,0,,
429,children,15106,0,,
430,providers,815,0,,
431,toll,2846,0,,
432,Los Angeles,2615,0,,
433,relationship,7961,0,,
434,link,2112,0,,
435,permission,1674,0,,
436,humans,2805,0,,
437,enter,3375,0,,
438,audience,3487,0,,
439,growing,6303,0,,
440,shared,6159,0,,
441,product,1847,0,,
442,face,17885,0,,
443,job,8453,0,,
444,community,16015,0,,
445,republished,195,0,,
446,facial,823,0,,
447,politics,11986,0,,
448,levels,5944,0,,
449,good,20571,0,,
450,killing,8703,0,,
451,final,13611,0,,
452,page,4320,0,,
453,major,20984,0,,
454,birth,2066,0,,
455,promotional,187,0,,
456,course,12618,0,,
457,investigation,11073,0,,
458,opportunities,2112,0,,
459,example,9860,0,,
460,adviser,5686,0,,
461,book,9947,0,,
462,growth,2970,0,,
463,office,15525,0,,
464,died,10399,0,,
465,regional,5485,0,,
466,digital,2290,0,,
467,sent,9460,0,,
468,days,23598,0,,
469,interested,2975,0,,
470,sign,6736,0,,
471,top,15073,0,,
472,right wing,5815,0,,
473,case,21471,0,,
474,friend,5549,0,,
475,precautionary measure,2012,0,,
476,tools,2674,0,,
477,defender,3140,0,,
478,without,22871,0,,
479,society,6316,0,,
480,minutes,4466,0,,
481,therapy,645,0,,
482,issues,12347,0,,
483,races,4061,0,,
484,track,3962,0,,
485,several,14413,0,,
486,created,8298,0,,
487,mental health,1021,0,,
488,corporate,3703,0,,
489,West Indies,1973,0,,
490,World Cup,3744,0,,
491,provide,7394,0,,
492,asked,13993,0,,
493,approval rating,373,0,,
494,liberal,6561,0,,
495,Europa League,2004,0,,
496,available,4872,0,,
497,change,16912,0,,
498,ship,4272,0,,
499,symptoms,4934,0,,
500,protests,7885,0,,
501,gas,5479,0,,
502,comment,5891,0,,
503,photo,3933,0,,
504,Super League,2181,0,,
505,facial recognition,496,0,,
506,offers,2564,0,,
507,billionaires,1027,0,,
508,heavyweight,2434,0,,
509,editors,881,0,,
510,since,35973,0,,
511,ministry,2986,0,,
512,music,3438,0,,
513,tracing,894,0,,
514,Czech Republic,638,0,,
515,ultra,2109,0,,
516,charge,4859,0,,
517,Grand Slam,1978,0,,
518,recognition,2885,0,,
519,phone,6294,0,,
520,industry,5500,0,,
521,meeting,14384,0,,
522,family,17398,0,,
523,transcription,509,0,,
524,led,13673,0,,
525,demand,4345,0,,
526,governments,12210,0,,
527,long,30182,0,,
528,control,14438,0,,
529,whether,20763,0,,
530,ceremony,3799,0,,
531,tweet,6121,0,,
532,doesnt,13452,0,,
533,impeachment,6393,0,,
534,systems,4552,0,,
535,cooperation,2959,0,,
536,words,10019,0,,
537,show,15782,0,,
538,participants,1168,0,,
539,internet,2589,0,,
540,opposition,7988,0,,
541,venture,893,0,,
542,interview,9437,0,,
543,calendar,3353,0,,
544,PRESIDENT DONALD TRUMP,841,0,,
545,view,8950,0,,
546,dignity,1442,0,,
547,Black Lives Matter,2065,0,,
548,twenty,950,0,,
549,founders,753,0,,
550,person,12173,0,,
551,building,8794,0,,
552,opinions,1366,0,,
553,hospitals,3098,0,,
554,money,15944,0,,
555,thousand,1509,0,,
556,questions,8459,0,,
557,order,13729,0,,
558,visit,8583,0,,
559,efforts,10361,0,,
560,stay,9727,0,,
561,holiday,2208,0,,
562,investment,2994,0,,
563,using,11389,0,,
564,spam,120,0,,
565,run,10843,0,,
566,thing,13672,0,,
567,respond,5037,0,,
568,often,12181,0,,
569,leader,15170,0,,
570,indispensable,409,0,,
571,called,39843,0,,
572,less,14176,0,,
573,was cancelled,3973,0,,
574,coronavirus outbreak,21830,0,,
575,novel coronavirus,18391,0,,
576,the US,28212,0,,
577,the United States,71146,0,,
578,scheduled for,15176,0,,
579,due to,32627,0,,
580,on March,22024,0,,
581,takes a,1523,0,,
582,a look at,1337,0,,
583,look at the,2545,0,,
584,a a,2531,0,,
585,in Tel Aviv,1897,0,,
586,companies are,1194,0,,
587,the challenges,1125,0,,
588,one in,2578,0,,
589,safety and,1253,0,,
590,appears to be,2335,0,,
591,But in,2931,0,,
592,look at,6445,0,,
593,the city,6454,0,,
594,the coronavirus,23944,0,,
595,appears to,3971,0,,
596,percent of,7993,0,,
597,for March,7869,0,,
598,I think,24068,0,,
599,was postponed,7904,0,,
600,in the United,11841,0,,
601,you know,10877,0,,
602,to take place,10230,0,,
603,and other,16401,0,,
604,the season,8325,0,,
605,called off,8025,0,,
606,during a,10083,0,,
607,due to be,6969,0,,
608,and the,92106,0,,
609,at the,77411,0,,
610,the company,3808,0,,
611,be postponed,5912,0,,
612,to be,85701,0,,
613,the virus,19577,0,,
614,the UAE,3049,0,,
615,with Israel,4545,0,,
616,on April,10990,0,,
617,tested positive for,9592,0,,
618,according to,21380,0,,
619,was due to,6137,0,,
620,the Israeli,16507,0,,
621,and stories,1637,0,,
622,the Olympic,5038,0,,
623,Israel and,13894,0,,
624,that the,80244,0,,
625,from March,5240,0,,
626,positive for coronavirus,5392,0,,
627,until April,5327,0,,
628,cancelled all,3922,0,,
629,stories that,1870,0,,
630,due to take,3938,0,,
631,suspended until,4051,0,,
632,March has,3951,0,,
633,the Tokyo,4055,0,,
634,found in,4526,0,,
635,to receive,1335,0,,
636,been cancelled,3995,0,,
637,Share this,903,0,,
638,the West Bank,9978,0,,
639,has been,56918,0,,
640,I mean,5894,0,,
641,the FBI,4852,0,,
642,the Labour,1532,0,,
643,ADVERTISEMENT The,896,0,,
644,the president,17404,0,,
645,and free,767,0,,
646,during a protest,1394,0,,
647,to be held,5227,0,,
648,in a,67760,0,,
649,of Israel,13855,0,,
650,with a friend,575,0,,
651,it is,26502,0,,
652,the UK,6929,0,,
653,protest against,1924,0,,
654,is protected by,1149,0,,
655,is a,47992,0,,
656,On March,6520,0,,
657,i i,1715,0,,
658,against the,15651,0,,
659,the pandemic,6378,0,,
660,the UN,6401,0,,
661,A man,2154,0,,
662,it with a,732,0,,
663,on Twitter,6245,0,,
664,on February,4586,0,,
665,site is,1349,0,,
666,Games will,2919,0,,
667,the race,6685,0,,
668,is the,37091,0,,
669,You can,2710,0,,
670,are happening,344,0,,
671,as of,2363,0,,
672,to be played,3008,0,,
673,This article is,958,0,,
674,in the Caribbean,2993,0,,
675,that he,25020,0,,
676,also been,8513,0,,
677,has been suspended,2964,0,,
678,The company,1177,0,,
679,It is,19066,0,,
680,with Italy,2990,0,,
681,becoming a,821,0,,
682,cancelled for,2924,0,,
683,the UFC,965,0,,
684,be interested,640,0,,
685,happening now,327,0,,
686,can provide,675,0,,
687,until September,2976,0,,
688,the hijackers,269,0,,
689,such as,14873,0,,
690,opinion and,313,0,,
691,been called,4185,0,,
692,the Trump,14474,0,,
693,our news,932,0,,
694,kind of,11585,0,,
695,your friends,682,0,,
696,the world,28694,0,,
697,enter a,539,0,,
698,to The Daily,213,0,,
699,And I,6217,0,,
700,the Democratic,8485,0,,
701,in Syria,8441,0,,
702,A woman,2199,0,,
703,This article,1619,0,,
704,scheduled to take,2994,0,,
705,for April,2993,0,,
706,one of Americas,272,0,,
707,a lot of,10429,0,,
708,is available,904,0,,
709,and percent,754,0,,
710,of the coronavirus,6207,0,,
711,take part in,1609,0,,
712,signing up,329,0,,
713,the first,35782,0,,
714,the tournament,3051,0,,
715,a valid,421,0,,
716,The big,349,0,,
717,the box,565,0,,
718,the Jewish,7917,0,,
719,of Americas,1475,0,,
720,of a,54100,0,,
721,by becoming,195,0,,
722,want to,18650,0,,
723,box if you,272,0,,
724,enter a valid,272,0,,
725,Please enter a,272,0,,
726,the box if,272,0,,
727,a valid email,272,0,,
728,and counter,269,0,,
729,the region,10214,0,,
730,start on,3072,0,,
731,and entertainment,238,0,,
732,take place in,4208,0,,
733,the White House,11758,0,,
734,during the,17063,0,,
735,off with,2583,0,,
736,The United States,6729,0,,
737,until March,3093,0,,
738,of Republicans,569,0,,
739,this image,938,0,,
740,he was,22934,0,,
741,companies and,878,0,,
742,a friend,1704,0,,
743,I dont,11803,0,,
744,will be,33150,0,,
745,scheduled to,6046,0,,
746,the Saudi,3818,0,,
747,the Palestinians,7787,0,,
748,had been,22209,0,,
749,sent a,1062,0,,
750,to confirm,649,0,,
751,on Wednesday,4729,0,,
752,created by,1488,0,,
753,of Americans,2363,0,,
754,a statement,9761,0,,
755,of antisemitism,889,0,,
756,the United Arab,1853,0,,
757,this week,7103,0,,
758,cases in,3049,0,,
759,workers and,768,0,,
760,access to,4822,0,,
761,of our,10522,0,,
762,agreed that the,3024,0,,
763,of Democrats,820,0,,
764,with the,69824,0,,
765,from The,833,0,,
766,that matters,1076,0,,
767,represent the,763,0,,
768,in Tokyo,3674,0,,
769,Advertisement The,557,0,,
770,a demonstration,1238,0,,
771,more than,27946,0,,
772,March but,3046,0,,
773,any time,790,0,,
774,you dont,2630,0,,
775,is one of,3473,0,,
776,relations with,2431,0,,
777,email to,466,0,,
778,you do,1625,0,,
779,it with,2016,0,,
780,link to,500,0,,
781,need to know,648,0,,
782,you are,4179,0,,
783,If you dont,314,0,,
784,the deal,4743,0,,
785,the WHO,1652,0,,
786,percent of Americans,363,0,,
787,one of,32946,0,,
788,those who,8139,0,,
789,this year,6475,0,,
790,provide a,1313,0,,
791,at least,20971,0,,
792,to take,22505,0,,
793,here with,356,0,,
794,agreeing to,360,0,,
795,have been,46750,0,,
796,during a demonstration,818,0,,
797,due to the,6725,0,,
798,on May,6422,0,,
799,up you,188,0,,
800,outbreak in,4686,0,,
801,at any time,437,0,,
802,do not,8110,0,,
803,that lived,1242,0,,
804,wish to,744,0,,
805,I was,12397,0,,
806,The US,4419,0,,
807,part in,2847,0,,
808,the brain,433,0,,
809,the left,4590,0,,
810,George Floyd,1832,0,,
811,at a,18901,0,,
812,is one,4978,0,,
813,the spread of,4921,0,,
814,to the coronavirus,4076,0,,
815,the Lebanese,1211,0,,
816,The New York,3355,0,,
817,the party,4336,0,,
818,hit by,4888,0,,
819,on Tuesday,7505,0,,
820,you need to,861,0,,
821,you do not,210,0,,
822,between Israel and,2054,0,,
823,with a,27991,0,,
824,on the,99121,0,,
825,at any,1120,0,,
826,and I,11324,0,,
827,the Trump administration,6763,0,,
828,on Friday,6324,0,,
829,on Monday,5960,0,,
830,permission from,309,0,,
831,here because,249,0,,
832,The Associated Press,1234,0,,
833,the authors,722,0,,
834,to help,8915,0,,
835,the address,140,0,,
836,email from,148,0,,
837,the Labour Party,674,0,,
838,was a,25555,0,,
839,about the,27145,0,,
840,form and may,642,0,,
841,may be updated,642,0,,
842,final form and,642,0,,
843,be held in,3125,0,,
844,to any,2098,0,,
845,the coronavirus pandemic,2422,0,,
846,alerts and,682,0,,
847,the link,226,0,,
848,the companys,1390,0,,
849,in the US,3614,0,,
850,you need,1413,0,,
851,the Nobel,437,0,,
852,its final form,650,0,,
853,as well,17013,0,,
854,the Syrian,4206,0,,
855,stories that matter,671,0,,
856,the Americans,1320,0,,
857,clash,4670,0,,
858,on the coronavirus,319,0,,
859,dinosaurs,1216,0,,
860,signing up you,123,0,,
861,be rescheduled,1960,0,,
862,and begin,177,0,,
863,also suspended,1983,0,,
864,the confirmation,144,0,,
865,i i i,1011,0,,
866,on March with,1968,0,,
867,to our,3783,0,,
868,up as,815,0,,
869,the first race,1951,0,,
870,you dont get,122,0,,
871,the work of,765,0,,
872,also been hit,1951,0,,
873,title fight between,1976,0,,
874,get the,2958,0,,
875,the outbreak,5630,0,,
876,reporting on,651,0,,
877,postponed and,1968,0,,
878,You know,4003,0,,
879,is that,14605,0,,
880,football in,1972,0,,
881,be in its,668,0,,
882,been rescheduled,1957,0,,
883,which was due,1959,0,,
884,was called off,1963,0,,
885,the competitions,1961,0,,
886,demonstration,2004,0,,
887,By signing up,124,0,,
888,The start of,1965,0,,
889,postponed by,2006,0,,
890,delayed until,1984,0,,
891,On March the,3093,0,,
892,This is,19374,0,,
893,scheduled for April,1984,0,,
894,in its final,677,0,,
895,Israel and the,3464,0,,
896,with permission from,181,0,,
897,in Paris,1849,0,,
898,the Tokyo Olympics,1985,0,,
899,did not,16574,0,,
900,In Spain,1994,0,,
901,suspended until April,2030,0,,
902,announced that all,1973,0,,
903,with Italy and,1962,0,,
904,place behind,1982,0,,
905,if you do,145,0,,
906,that we,12585,0,,
907,due to start,1989,0,,
908,views of,737,0,,
909,the war,7433,0,,
910,created on,523,0,,
911,of its,14699,0,,
912,deadline by,505,0,,
913,as a,53512,0,,
914,the first time,11644,0,,
915,has been cancelled,1963,0,,
916,the Olympic Games,2002,0,,
917,as one,2199,0,,
918,not wish to,117,0,,
919,as the,34661,0,,
920,in Iraq,6873,0,,
921,postpone,3193,0,,
922,number of,14850,0,,
923,into isolation,2015,0,,
924,this is,12924,0,,
925,This text,502,0,,
926,our website,547,0,,
927,Get our,607,0,,
928,officers,5983,0,,
929,a large,3639,0,,
930,take,41248,0,,
931,a protest against,868,0,,
932,until October,1983,0,,
933,held on March,1959,0,,
934,the President,3597,0,,
935,the IOC,1993,0,,
936,The Japanese,2032,0,,
937,work of,1201,0,,
938,of discrimination,296,0,,
939,was scheduled,3230,0,,
940,but that has,1978,0,,
941,Manchester City,2174,0,,
942,Manchester United,2096,0,,
943,All rights reserved,518,0,,
944,United States and,8927,0,,
945,the work,1625,0,,
946,by the virus,3210,0,,
947,to do,20913,0,,
948,reporting on the,274,0,,
949,does not,9619,0,,
950,as scheduled,2004,0,,
951,in England,3421,0,,
952,start,17771,0,,
953,and Tokyo,1977,0,,
954,a rush,747,0,,
955,the online,442,0,,
956,further information,556,0,,
957,of his,20800,0,,
958,article is republished,110,0,,
959,it does not,805,0,,
960,in a statement,5068,0,,
961,to a,36657,0,,
962,that can,3740,0,,
963,in Gaza,4945,0,,
964,in this,13088,0,,
965,between the,9500,0,,
966,own and do,253,0,,
967,spread of the,2705,0,,
968,of the Japanese,1998,0,,
969,International Olympic Committee,2000,0,,
970,contractor and,568,0,,
971,that it,16184,0,,
972,is not,23838,0,,
973,the topic,419,0,,
974,being postponed,1960,0,,
975,a precautionary,2053,0,,
976,the occupied,3114,0,,
977,from the,59480,0,,
978,to know,3887,0,,
979,need to,11998,0,,
980,have to,17670,0,,
981,own and,528,0,,
982,inception in,1983,0,,
983,wearing,5622,0,,
984,against police brutality,710,0,,
985,to July,2013,0,,
986,the talks,457,0,,
987,the coronavirus outbreak,4252,0,,
988,according to the,5983,0,,
989,have cancelled,1967,0,,
990,the working,532,0,,
991,delivered to your,575,0,,
992,cancelled and,1986,0,,
993,tournament in,2052,0,,
994,developed with,530,0,,
995,delayed,4979,0,,
996,the country,20669,0,,
997,March that,3201,0,,
998,do not necessarily,328,0,,
999,the Games,2031,0,,
