,PHRASE,COUNT,ON_TOPIC,UNIQUE,SPECIFIC
0,military spending,2818,1,1.0,1.0
1,foreign policy,1316,1,1.0,1.0
2,budget plan,53,1,1.0,1.0
3,fiscal,757,1,1.0,1.0
4,budget proposal,136,1,1.0,1.0
5,nationalism,159,1,1.0,1.0
6,deficit,980,1,1.0,1.0
7,defense industry,167,1,1.0,1.0
8,defense spending,625,1,1.0,1.0
9,military aid,125,1,1.0,1.0
10,military industrial complex,389,1,1.0,1.0
11,police state,51,1,1.0,1.0
12,militarism,378,1,1.0,1.0
13,imperialism,114,1,1.0,1.0
14,foreign aid,82,1,1.0,1.0
15,strategic,446,1,1.0,1.0
16,military budget,437,1,1.0,1.0
17,nondefense spending,21,1,1.0,1.0
18,budget caps,114,1,1.0,1.0
19,Bernie Sanders,898,1,1.0,0.0
20,US military,427,1,1.0,0.0
21,United States military,859,1,1.0,0.0
22,South Korea,347,1,1.0,0.0
23,Cold War,865,1,1.0,0.0
24,Atlantic Treaty Organization,50,1,1.0,0.0
25,United Technologies,28,1,1.0,0.0
26,Vladimir Putin,307,1,1.0,0.0
27,World War,590,1,1.0,0.0
28,US troops,140,1,1.0,0.0
29,United States government,270,1,1.0,0.0
30,Tulsi Gabbard,44,1,1.0,0.0
31,United Nations,255,1,1.0,0.0
32,Mike Gravel,57,1,1.0,0.0
33,South China Sea,94,1,1.0,0.0
34,sanctions,731,1,1.0,0.0
35,troops,1510,1,1.0,0.0
36,allies,1361,1,1.0,0.0
37,Air Force,339,1,1.0,0.0
38,peace,1031,1,1.0,0.0
39,nuclear weapons,586,1,1.0,0.0
40,Space Force,173,1,1.0,0.0
41,nuclear deal,176,1,1.0,0.0
42,bombing,259,1,1.0,0.0
43,violence,594,1,1.0,0.0
44,armed forces,255,1,1.0,0.0
45,combat,349,1,1.0,0.0
46,defended,94,1,1.0,0.0
47,civilian,308,1,1.0,0.0
48,attack,767,1,1.0,0.0
49,clashes,26,1,1.0,0.0
50,missile,519,1,1.0,0.0
51,warfare,246,1,1.0,0.0
52,the Taliban,151,1,1.0,0.0
53,Pentagon budget,264,1,1.0,0.0
54,war,5339,1,1.0,0.0
55,global,1764,1,1.0,0.0
56,wall,1034,1,1.0,0.0
57,think tanks,111,1,1.0,0.0
58,Saudi Arabia,566,1,1.0,0.0
59,President Donald Trump,466,1,1.0,0.0
60,arms,1122,1,1.0,0.0
61,bill,1570,1,1.0,0.0
62,establishment,396,1,1.0,0.0
63,Fidel Castro,57,1,1.0,0.0
64,Trumps budget,127,1,1.0,0.0
65,San Diego,75,1,1.0,0.0
66,socialism,185,1,1.0,0.0
67,poverty,495,1,1.0,0.0
68,Social Security,394,1,1.0,0.0
69,massive literacy program,20,1,1.0,0.0
70,socialist,243,1,1.0,0.0
71,right wing,221,1,1.0,0.0
72,equipment,363,1,1.0,0.0
73,dictators,63,1,1.0,0.0
74,border wall,315,1,1.0,0.0
75,Poor Peoples Campaign,63,1,1.0,0.0
76,inflation,280,1,1.0,0.0
77,safety net,89,1,1.0,0.0
78,repression,107,1,1.0,0.0
79,fund,516,1,1.0,0.0
80,coup,199,1,1.0,0.0
81,human rights,353,1,1.0,0.0
82,capitalism,254,1,1.0,0.0
83,tax breaks,52,1,1.0,0.0
84,submarines,108,1,1.0,0.0
85,American troops,106,1,1.0,0.0
86,UN General Assembly,36,1,1.0,0.0
87,weapons,2096,1,0.0,
88,industry,850,1,0.0,
89,security,2204,1,0.0,
90,United States,12050,1,0.0,
91,military,10975,1,0.0,
92,spending,7448,1,0.0,
93,budget,4120,1,0.0,
94,Mr Putin,92,1,0.0,
95,Mr Trump,358,1,0.0,
96,nuclear,2426,1,0.0,
97,climate,1367,1,0.0,
98,border,1443,1,0.0,
99,debt,1598,1,0.0,
100,foreign,2618,1,0.0,
101,industrial,682,1,0.0,
102,North Atlantic Treaty,56,1,0.0,
103,complex,582,1,0.0,
104,US President Donald,76,1,0.0,
105,missiles,511,1,0.0,
106,attacks,573,1,0.0,
107,national security,853,1,0.0,
108,Green New Deal,471,0,,
109,climate change,648,0,,
110,opium,120,0,,
111,oil,935,0,,
112,New York,1111,0,,
113,quid pro quo,126,0,,
114,Democratic Party,401,0,,
115,health care,776,0,,
116,New Zealand,60,0,,
117,know,3023,0,,
118,think,3691,0,,
119,billion,4198,0,,
120,deal,1993,0,,
121,map,228,0,,
122,minister,296,0,,
123,Anderson Cooper,114,0,,
124,data,630,0,,
125,president,4248,0,,
126,plan,1580,0,,
127,trillion,1915,0,,
128,year,4459,0,,
129,policy,3292,0,,
130,pay,1504,0,,
131,wars,1764,0,,
132,household,176,0,,
133,world,3426,0,,
134,dont,2588,0,,
135,worked,475,0,,
136,conservative,639,0,,
137,government,4331,0,,
138,tanks,250,0,,
139,prime minister,139,0,,
140,Donald Trump,1412,0,,
141,tax,1901,0,,
142,trade,1607,0,,
143,prime,208,0,,
144,income,745,0,,
145,pandemic,635,0,,
146,cuts,1302,0,,
147,countries,2645,0,,
148,proposal,622,0,,
149,maps,98,0,,
150,campaign,2424,0,,
151,power,2367,0,,
152,interview,738,0,,
153,right,2489,0,,
154,want,2390,0,,
155,two,3591,0,,
156,rally,679,0,,
157,get,2882,0,,
158,media,1360,0,,
159,national,2403,0,,
160,really,1414,0,,
161,economic,2413,0,,
162,jobs,1241,0,,
163,growth,893,0,,
164,even,3919,0,,
165,meeting,1101,0,,
166,city,618,0,,
167,health,1605,0,,
168,social,1187,0,,
169,Mr Trumps,136,0,,
170,officials,1273,0,,
171,central,332,0,,
172,market,613,0,,
173,saying,1165,0,,
174,mean,845,0,,
175,economy,1999,0,,
176,request,295,0,,
177,police,822,0,,
178,increase,1497,0,,
179,public,2338,0,,
180,aid,632,0,,
181,got,1346,0,,
182,since,2292,0,,
183,progressive,662,0,,
184,see,1794,0,,
185,impeachment,692,0,,
186,nations,1196,0,,
187,state,2283,0,,
188,region,564,0,,
189,space,465,0,,
190,federal,1832,0,,
191,drug,420,0,,
192,reduce,450,0,,
193,week,1367,0,,
194,change,1742,0,,
195,meanwhile,103,0,,
196,funding,1139,0,,
197,class,852,0,,
198,law,1264,0,,
199,mayor,273,0,,
200,Ocasio Cortez,312,0,,
201,term,1118,0,,
202,million,1909,0,,
203,forces,1193,0,,
204,boost,303,0,,
205,households,119,0,,
206,voice,193,0,,
207,programs,1162,0,,
208,international,1206,0,,
209,World Cup,69,0,,
210,care,1418,0,,
211,exchange,549,0,,
212,last,2768,0,,
213,leaders,1682,0,,
214,first,3266,0,,
215,changes,432,0,,
216,merger,49,0,,
217,proposed,524,0,,
218,might,1465,0,,
219,patients,110,0,,
220,candidates,900,0,,
221,corporate,821,0,,
222,immigration,739,0,,
223,analysts,160,0,,
224,years,4888,0,,
225,shutdown,372,0,,
226,office,1366,0,,
227,conversations,117,0,,
228,alliance,743,0,,
229,program,1134,0,,
230,memo,204,0,,
231,surge,135,0,,
232,General Assembly,87,0,,
233,lies,304,0,,
234,voters,867,0,,
235,summit,565,0,,
236,literacy,33,0,,
237,report,1535,0,,
238,lowest,263,0,,
239,emergency,479,0,,
240,far,1689,0,,
241,investigations,184,0,,
242,progressives,245,0,,
243,could,3845,0,,
244,banks,296,0,,
245,resigned,86,0,,
246,tariffs,617,0,,
247,lawmakers,494,0,,
248,free,984,0,,
249,claim,832,0,,
250,party,1216,0,,
251,administration,2251,0,,
252,dollars,1329,0,,
253,conflict,676,0,,
254,vote,1377,0,,
255,false claims,198,0,,
256,letter,335,0,,
257,left,1321,0,,
258,middle,472,0,,
259,company,517,0,,
260,complete,194,0,,
261,look,1178,0,,
262,powers,458,0,,
263,families,531,0,,
264,political,2804,0,,
265,relations,518,0,,
266,population,534,0,,
267,middle class,253,0,,
268,companies,977,0,,
269,population growth,64,0,,
270,things,1498,0,,
271,biggest,505,0,,
272,candidate,890,0,,
273,rates,485,0,,
274,need,2118,0,,
275,stop,642,0,,
276,presidents,1006,0,,
277,speech,872,0,,
278,comments,432,0,,
279,tweet,451,0,,
280,human,916,0,,
281,vaccine,63,0,,
282,photo,162,0,,
283,increasingly,415,0,,
284,go,1830,0,,
285,talks,360,0,,
286,sales,357,0,,
287,one,5957,0,,
288,back,2447,0,,
289,women,812,0,,
290,doctors,104,0,,
291,teachers,143,0,,
292,cut,1165,0,,
293,workers,792,0,,
294,money,2519,0,,
295,long,2128,0,,
296,number,1396,0,,
297,children,775,0,,
298,time,3903,0,,
299,must,1317,0,,
300,treat,107,0,,
301,rights,832,0,,
302,fact,1753,0,,
303,regional,248,0,,
304,happening,268,0,,
305,anti,982,0,,
306,feminist,42,0,,
307,phone,269,0,,
308,press,611,0,,
309,election,1763,0,,
310,killed,566,0,,
311,aircraft,350,0,,
312,dictator,92,0,,
313,working,1181,0,,
314,fossil,345,0,,
315,central banks,42,0,,
316,claims,759,0,,
317,group,727,0,,
318,primary,594,0,,
319,charge,201,0,,
320,members,1398,0,,
321,big,1250,0,,
322,virus,236,0,,
323,course,1179,0,,
324,dollar,537,0,,
325,talk,791,0,,
326,day,1484,0,,
327,share,563,0,,
328,good,1701,0,,
329,caps,314,0,,
330,help,1148,0,,
331,Sen Bernie Sanders,123,0,,
332,base,589,0,,
333,congress,28,0,,
334,education,660,0,,
335,record,941,0,,
336,committee,397,0,,
337,statement,680,0,,
338,make,2608,0,,
339,Prime Minister,319,0,,
340,Chris Wallace,96,0,,
341,liberal,528,0,,
342,think tank,188,0,,
343,testing,175,0,,
344,country,3192,0,,
345,states,1254,0,,
346,however,822,0,,
347,actually,1307,0,,
348,energy,872,0,,
349,called,1782,0,,
350,armed,520,0,,
351,ready,292,0,,
352,nation,942,0,,
353,topic,138,0,,
354,interest,773,0,,
355,didnt,1213,0,,
356,system,1438,0,,
357,example,849,0,,
358,cent,101,0,,
359,racist,187,0,,
360,drug prices,91,0,,
361,official,799,0,,
362,forecast,69,0,,
363,rule,338,0,,
364,agreement,899,0,,
365,resort,200,0,,
366,politics,866,0,,
367,done,1134,0,,
368,headed,110,0,,
369,nominee,208,0,,
370,corporations,521,0,,
371,life,751,0,,
372,way,2610,0,,
373,support,2465,0,,
374,friend,208,0,,
375,southern,233,0,,
376,interests,788,0,,
377,soldiers,492,0,,
378,call,1151,0,,
379,service,534,0,,
380,home,1039,0,,
381,morning,313,0,,
382,much,2989,0,,
383,strikes,220,0,,
384,check,415,0,,
385,crisis,1098,0,,
386,role,846,0,,
387,end,2057,0,,
388,issue,1030,0,,
389,movement,510,0,,
390,phone call,129,0,,
391,plans,655,0,,
392,highest,395,0,,
393,private,738,0,,
394,drugs,174,0,,
395,business,804,0,,
396,never,1883,0,,
397,bank,223,0,,
398,revenue,334,0,,
399,wing,383,0,,
400,immigrants,390,0,,
401,threat,998,0,,
402,including,2053,0,,
403,policies,956,0,,
404,talking,707,0,,
405,rate,700,0,,
406,issues,1037,0,,
407,presidential,1150,0,,
408,cap,118,0,,
409,local,581,0,,
410,next,1694,0,,
411,added,672,0,,
412,recent,1176,0,,
413,grown,140,0,,
414,referendum,52,0,,
415,ships,162,0,,
416,forward,526,0,,
417,emissions,282,0,,
418,question,1131,0,,
419,major,1299,0,,
420,whether,1140,0,,
421,terms,744,0,,
422,Hong Kong,122,0,,
423,came,1146,0,,
424,size,273,0,,
425,getting,721,0,,
426,use,1464,0,,
427,universal,219,0,,
428,large,862,0,,
429,fiscal year,291,0,,
430,endless,464,0,,
431,largest,763,0,,
432,four,903,0,,
433,investigation,545,0,,
434,ideas,301,0,,
435,financial,857,0,,
436,overhaul,73,0,,
437,Planned Parenthood,24,0,,
438,safety,310,0,,
439,cabinet,75,0,,
440,former,1617,0,,
441,night,468,0,,
442,book,542,0,,
443,raise,469,0,,
444,less,1448,0,,
445,class families,31,0,,
446,three,1583,0,,
447,article,536,0,,
448,post,502,0,,
449,month,853,0,,
450,influence,544,0,,
451,still,1900,0,,
452,systems,522,0,,
453,net,254,0,,
454,finance,218,0,,
455,history,1252,0,,
456,bases,489,0,,
457,move,699,0,,
458,Democratic presidential,221,0,,
459,take,1858,0,,
460,transcript,218,0,,
461,paying,564,0,,
462,poll,475,0,,
463,among,1216,0,,
464,democratic,432,0,,
465,US Mexico,34,0,,
466,prescription,104,0,,
467,victims,144,0,,
468,along,709,0,,
469,gun,306,0,,
470,text,169,0,,
471,force,934,0,,
472,promised,351,0,,
473,prescription drug,49,0,,
474,future,1028,0,,
475,mass,448,0,,
476,interest rates,149,0,,
477,supported,462,0,,
478,real,1101,0,,
479,eligible,45,0,,
480,currently,404,0,,
481,kids,251,0,,
482,democracy,751,0,,
483,treatment,152,0,,
484,cant,1060,0,,
485,every,1523,0,,
486,lift,101,0,,
487,tensions,277,0,,
488,heroin,84,0,,
489,something,1142,0,,
490,independent,401,0,,
491,investment,549,0,,
492,legislative,208,0,,
493,crimes,310,0,,
494,leader,726,0,,
495,agenda,454,0,,
496,contractors,415,0,,
497,latest,453,0,,
498,logistics,39,0,,
499,breaks,108,0,,
500,trillion budget,45,0,,
501,ministry,56,0,,
502,Los Angeles,175,0,,
503,Mr Xi,36,0,,
504,priorities,472,0,,
505,fossil fuel,227,0,,
506,inequality,291,0,,
507,thing,1082,0,,
508,South Carolina,130,0,,
509,message,361,0,,
510,together,781,0,,
511,research,418,0,,
512,prices,371,0,,
513,wants,766,0,,
514,white,481,0,,
515,gas,462,0,,
516,President Obama,225,0,,
517,communities,430,0,,
518,bad,593,0,,
519,music,115,0,,
520,massive,726,0,,
521,Joe Biden,399,0,,
522,measure,401,0,,
523,Green Party,92,0,,
524,become,1104,0,,
525,domestic,1092,0,,
526,meet,471,0,,
527,black,506,0,,
528,today,1082,0,,
529,society,452,0,,
530,tonight,157,0,,
531,taxes,656,0,,
532,two year,110,0,,
533,poor,504,0,,
534,treaty,266,0,,
535,took,1097,0,,
536,great,1064,0,,
537,rich,400,0,,
538,win,833,0,,
539,disease,137,0,,
540,side,548,0,,
541,information,608,0,,
542,anything,844,0,,
543,original,223,0,,
544,claimed,561,0,,
545,court,417,0,,
546,electoral,202,0,,
547,final,445,0,,
548,development,464,0,,
549,always,805,0,,
550,based,899,0,,
551,th anniversary,54,0,,
552,total,793,0,,
553,secretary,471,0,,
554,roughly,274,0,,
555,hasnt,246,0,,
556,increased,807,0,,
557,described,401,0,,
558,relatively,213,0,,
559,little,1216,0,,
560,camps,106,0,,
561,created,573,0,,
562,wealth,509,0,,
563,production,440,0,,
564,conservatives,248,0,,
565,regime,507,0,,
566,movements,196,0,,
567,order,1000,0,,
568,general election,85,0,,
569,important,1115,0,,
570,justice,455,0,,
571,schools,290,0,,
572,control,1178,0,,
573,Ocasio Cortezs,68,0,,
574,opportunities,180,0,,
575,funds,579,0,,
576,point,1301,0,,
577,individuals,204,0,,
578,provide,529,0,,
579,stock,293,0,,
580,bring,797,0,,
581,allow,368,0,,
582,services,449,0,,
583,air,582,0,,
584,woman,299,0,,
585,senator,286,0,,
586,everything,578,0,,
587,case,984,0,,
588,dossier,76,0,,
589,friends,317,0,,
590,sector,317,0,,
591,parties,488,0,,
592,auto,95,0,,
593,billionaires,133,0,,
594,needs,876,0,,
595,legislation,530,0,,
596,past,1068,0,,
597,self,480,0,,
598,doesnt,1069,0,,
599,seen,764,0,,
600,weeks,639,0,,
601,cooperation,260,0,,
602,sent,409,0,,
603,deaths,316,0,,
604,spend,734,0,,
605,fuel,376,0,,
606,civil,393,0,,
607,names,151,0,,
608,lower,408,0,,
609,five,731,0,,
610,made,2431,0,,
611,agencies,382,0,,
612,deadline,122,0,,
613,believe,984,0,,
614,already,1382,0,,
615,view,495,0,,
616,earlier,533,0,,
617,reform,409,0,,
618,pay for it,93,0,,
619,the Pentagon,1320,0,,
620,the military,1745,0,,
621,the middle class,113,0,,
622,the war,809,0,,
623,the Air Force,103,0,,
624,Medicare for All,267,0,,
625,over military spending,21,0,,
626,the Paris Climate,28,0,,
627,stop and frisk,17,0,,
628,the defense industry,75,0,,
629,the military industrial,315,0,,
630,the Cold War,450,0,,
631,the budget,521,0,,
632,Public Policy,19,0,,
633,the US,2803,0,,
634,you know,878,0,,
635,the United States,6958,0,,
636,I think,1889,0,,
637,pay for,574,0,,
638,income in,116,0,,
639,the president,1674,0,,
640,percent in,243,0,,
641,to pay,676,0,,
642,and the,5923,0,,
643,rally in,418,0,,
644,to pay for,312,0,,
645,You know,437,0,,
646,I mean,419,0,,
647,The budget,167,0,,
648,as of,202,0,,
649,campaign rally in,287,0,,
650,the UN,295,0,,
651,going to pay,65,0,,
652,you going to,68,0,,
653,that the,5080,0,,
654,exchange with,248,0,,
655,the Arctic,66,0,,
656,the pandemic,208,0,,
657,percent of,1259,0,,
658,to billion,281,0,,
659,United States should,92,0,,
660,billion in,720,0,,
661,the President,300,0,,
662,want to,1504,0,,
663,with reporters,267,0,,
664,with Mr,53,0,,
665,the Western,133,0,,
666,the Green New,178,0,,
667,the world,2261,0,,
668,billion to,166,0,,
669,the Chinese,376,0,,
670,stories that,94,0,,
671,and stories,86,0,,
672,Trump was,619,0,,
673,according to,1330,0,,
674,the debt,353,0,,
675,the Democratic,860,0,,
676,And I,479,0,,
677,The United States,821,0,,
678,I dont,715,0,,
679,did not,1104,0,,
680,of households,63,0,,
681,the s,772,0,,
682,will be,1593,0,,
683,have to,1501,0,,
684,and free,87,0,,
685,from percent in,62,0,,
686,is the,2441,0,,
687,in to percent,59,0,,
688,FALSE,571,0,,
689,such as,954,0,,
690,The US,468,0,,
691,a lot of,786,0,,
692,kind of,807,0,,
693,on Sunday,111,0,,
694,I was,562,0,,
695,This map,48,0,,
696,we have,1258,0,,
697,to percent in,72,0,,
698,the House,1263,0,,
699,to complete,34,0,,
700,in the middle,126,0,,
701,the middle,241,0,,
702,from the,3365,0,,
703,the F,125,0,,
704,that we,1242,0,,
705,to Ukraine,174,0,,
706,from percent,104,0,,
707,the Senate,922,0,,
708,with the,3578,0,,
709,think that,413,0,,
710,has been,2350,0,,
711,ADVERTISEMENT The,70,0,,
712,he has,755,0,,
713,wall along the,51,0,,
714,in a,3473,0,,
715,funding for,297,0,,
716,of US,289,0,,
717,of United States,559,0,,
718,a quid pro,66,0,,
719,a trillion,209,0,,
720,that he,1524,0,,
721,and I,673,0,,
722,as the,2068,0,,
723,have a,1193,0,,
724,the Paris,137,0,,
725,the interview,46,0,,
726,are happening,30,0,,
727,share of,252,0,,
728,the biggest,301,0,,
729,would be,1882,0,,
730,the UK,217,0,,
731,Russia and,583,0,,
732,You can read,160,0,,
733,It is,995,0,,
734,on the,5942,0,,
735,the IMF,66,0,,
736,but he has,49,0,,
737,the Russians,317,0,,
738,do you,434,0,,
739,a wall,173,0,,
740,to percent,272,0,,
741,This is,1146,0,,
742,cap and trade,45,0,,
743,at the,3816,0,,
744,of his,1272,0,,
745,happening now,26,0,,
746,to billion in,63,0,,
747,to do,1654,0,,
748,of GDP,310,0,,
749,Thank you Senator,75,0,,
750,the Russian,341,0,,
751,for a,2269,0,,
752,will see,67,0,,
753,the coronavirus,319,0,,
754,along the,148,0,,
755,In this,161,0,,
756,the southern,103,0,,
757,of a,3063,0,,
758,I think that,197,0,,
759,sort of,276,0,,
760,this is,943,0,,
761,to be,4358,0,,
762,Medicare for,472,0,,
763,of Mr,59,0,,
764,And so,271,0,,
765,in his,785,0,,
766,worked in,48,0,,
767,Well I,144,0,,
768,and trade,135,0,,
769,know I,74,0,,
770,is protected,63,0,,
771,at a,1064,0,,
772,protected by,95,0,,
773,the alliance,256,0,,
774,stop and,33,0,,
775,the White House,1097,0,,
776,is not,1841,0,,
777,spending on,338,0,,
778,but he,290,0,,
779,to treat,51,0,,
780,need to,1093,0,,
781,to fulfill,35,0,,
782,of the US,290,0,,
783,the economy,643,0,,
784,the age of,58,0,,
785,the region,354,0,,
786,the Trump,1210,0,,
787,when he,586,0,,
788,billion for,294,0,,
789,over military,32,0,,
790,pay for a,44,0,,
791,interview with,371,0,,
792,the government,891,0,,
793,Trump has,1165,0,,
794,the American,1110,0,,
795,in to,340,0,,
796,the two,510,0,,
797,to get,1182,0,,
798,we are,807,0,,
799,trying to,861,0,,
800,you have,497,0,,
801,We have,510,0,,
802,You can,316,0,,
803,the US and,201,0,,
804,war with,260,0,,
805,the new,490,0,,
806,this country,536,0,,
807,have been,1866,0,,
808,the Democratic Party,276,0,,
809,defended the,39,0,,
810,goal of,150,0,,
811,is no,763,0,,
812,is that,1263,0,,
813,he was,1171,0,,
814,a large,238,0,,
815,for billion,91,0,,
816,and you,203,0,,
817,the defense,334,0,,
818,it is,1797,0,,
819,Iraq and,349,0,,
820,Bernie Sanders I,98,0,,
821,it with a,35,0,,
822,He has,340,0,,
823,a friend,71,0,,
824,as president,173,0,,
825,size and,39,0,,
826,and China,401,0,,
827,the deal,300,0,,
828,in the Arctic,32,0,,
829,the Soviet Union,392,0,,
830,during the,865,0,,
831,ready for,52,0,,
832,spending and,517,0,,
833,that Mr,78,0,,
834,that Trump,631,0,,
835,the data,79,0,,
836,Department of,568,0,,
837,in Iraq,486,0,,
838,of this,1248,0,,
839,read a,135,0,,
840,the EU,194,0,,
841,in tax,38,0,,
842,I would,399,0,,
843,with a,1394,0,,
844,of war,446,0,,
845,the countrys,386,0,,
846,that you,352,0,,
847,I have,513,0,,
848,the worlds,638,0,,
849,of Cuba,16,0,,
850,Russia and China,250,0,,
851,going to be,417,0,,
852,number of,908,0,,
853,right now,442,0,,
854,How you going,17,0,,
855,in fiscal,74,0,,
856,for it,291,0,,
857,that the US,242,0,,
858,on Tuesday,199,0,,
859,in China,173,0,,
860,as a,3110,0,,
861,with Iran,260,0,,
862,This topic,32,0,,
863,in the United,776,0,,
864,spending by,303,0,,
865,in the s,393,0,,
866,All right,117,0,,
867,in Burlington,75,0,,
868,the virus,134,0,,
869,your friends,34,0,,
870,more than,2319,0,,
871,the Iranian,137,0,,
872,war on,439,0,,
873,during a,317,0,,
874,the presidents,554,0,,
875,pay for that,27,0,,
876,the CIA,267,0,,
877,to a,2004,0,,
878,Democratic presidential candidate,54,0,,
879,after a,212,0,,
880,business with,53,0,,
881,this year,583,0,,
882,of course,581,0,,
883,presidential candidate,178,0,,
884,were going to,307,0,,
885,The president,264,0,,
886,Trump and,646,0,,
887,it was,1617,0,,
888,minister in,16,0,,
889,includes,495,0,,
890,military spending and,300,0,,
891,New Jersey,77,0,,
892,provide a,61,0,,
893,the people,505,0,,
894,the FBI,250,0,,
895,You know I,37,0,,
896,off with,42,0,,
897,the Trump administration,545,0,,
898,is a,2995,0,,
899,the UN General,35,0,,
900,in the US,227,0,,
901,the plan,170,0,,
902,entering the,55,0,,
903,on China,166,0,,
904,Trump did,179,0,,
905,talking about,459,0,,
906,is available,26,0,,
907,And he,185,0,,
908,a statement,339,0,,
909,food stamps,77,0,,
910,PARKER Thank you,57,0,,
911,of people,605,0,,
912,Advertisement The,29,0,,
913,triggered,53,0,,
914,that would,898,0,,
915,be a,1013,0,,
916,can provide,28,0,,
917,of our,1069,0,,
918,in Yemen,227,0,,
919,created by,74,0,,
920,a Green New,134,0,,
921,was a,1527,0,,
922,of American,474,0,,
923,to fund,207,0,,
924,you help,17,0,,
925,spending to,234,0,,
926,was the,1024,0,,
927,to have,1110,0,,
928,no evidence,204,0,,
929,in tax breaks,17,0,,
930,There is,632,0,,
931,on defense,315,0,,
932,the WHO,114,0,,
933,the city,206,0,,
934,the Democrats,516,0,,
935,the US Mexico,22,0,,
936,that matters,65,0,,
937,that is,1175,0,,
938,I will,317,0,,
939,slash,103,0,,
940,I want to,291,0,,
941,it with,110,0,,
942,a campaign,129,0,,
943,entering the country,32,0,,
944,talk about,418,0,,
945,for that,230,0,,
946,the global,374,0,,
947,there is,912,0,,
948,that will,419,0,,
949,the first,1428,0,,
950,the Left,63,0,,
951,you think,318,0,,
952,defense and,174,0,,
953,with Russia,369,0,,
954,the latest,257,0,,
955,in the region,215,0,,
956,do not,605,0,,
957,an independent,106,0,,
958,Trump is,872,0,,
959,United States allies,57,0,,
960,look at,507,0,,
961,know what,286,0,,
962,the country,1151,0,,
963,in office,285,0,,
964,Democratic nominee,58,0,,
965,goal,484,0,,
966,House Democrats,206,0,,
967,spending from,60,0,,
968,the next,991,0,,
969,the European,384,0,,
970,not true,185,0,,
971,billion to billion,34,0,,
972,what Trump,119,0,,
973,the Congress,85,0,,
974,investors,130,0,,
975,The proposal,55,0,,
976,the Dow,39,0,,
977,the federal,581,0,,
978,his first,193,0,,
979,Trump claimed,135,0,,
980,he made,120,0,,
981,plan will,33,0,,
982,the most,1381,0,,
983,the nations,363,0,,
984,in Congress,401,0,,
985,the investigations,32,0,,
986,we need,467,0,,
987,people in,385,0,,
988,French President Emmanuel,77,0,,
989,that can,254,0,,
990,I think the,209,0,,
991,from China,123,0,,
992,anniversary,104,0,,
993,at home,328,0,,
994,his campaign,240,0,,
995,figure,477,0,,
996,a relatively,57,0,,
997,he would,432,0,,
998,a private,69,0,,
999,to you,165,0,,
