,PHRASE,COUNT,ON_TOPIC,UNIQUE,SPECIFIC
0,Donald Trump,26497,1,1.0,1.0
1,Hunter Biden,5742,1,1.0,1.0
2,Robert Mueller,14862,1,1.0,1.0
3,Michael Flynn,7407,1,1.0,1.0
4,dossier,15865,1,1.0,1.0
5,collusion,25644,1,1.0,1.0
6,probe,28167,1,1.0,1.0
7,conspiracy,27590,1,1.0,1.0
8,misinformation,4623,1,1.0,1.0
9,disinformation,10666,1,1.0,1.0
10,gag,819,1,1.0,1.0
11,interference,29785,1,1.0,1.0
12,misleading,4885,1,1.0,1.0
13,obstruction,20736,1,1.0,1.0
14,national security,32487,1,1.0,1.0
15,Deep State,2350,1,1.0,1.0
16,disclosure,3953,1,1.0,1.0
17,diplomatic,10902,1,1.0,1.0
18,Crew Dragon,1354,1,1.0,0.0
19,climate change,10870,1,1.0,0.0
20,capitalist,2947,1,1.0,0.0
21,capitalism,4667,1,1.0,0.0
22,credibility,6204,1,1.0,0.0
23,allies,33748,1,1.0,0.0
24,al Qaeda,2732,1,1.0,0.0
25,United States troops,4761,1,1.0,0.0
26,protest,10697,1,1.0,0.0
27,North Korea,22911,1,1.0,0.0
28,crude,5871,1,1.0,0.0
29,weapons,32251,1,1.0,0.0
30,missile,15195,1,1.0,0.0
31,satellites,2553,1,1.0,0.0
32,criminal justice,2534,1,1.0,0.0
33,right wing,7798,1,1.0,0.0
34,public policy,894,1,1.0,0.0
35,Trump campaign,31628,1,1.0,0.0
36,National Security,12467,1,1.0,0.0
37,behind closed doors,10396,1,1.0,0.0
38,revolutionary,2710,1,1.0,0.0
39,regime change,3905,1,1.0,0.0
40,First Amendment,2257,1,1.0,0.0
41,classification,655,1,1.0,0.0
42,questionable,2042,1,1.0,0.0
43,Counsel Robert Mueller,2605,1,0.0,
44,Special Counsel,8767,1,0.0,
45,foreign,81638,1,0.0,
46,Special Counsel Robert,5381,1,0.0,
47,United States,306255,0,,
48,postponed,50703,0,,
49,offered,17206,0,,
50,allegations,19615,0,,
51,vaccine,9192,0,,
52,kill,9169,0,,
53,troops,27270,0,,
54,know,135055,0,,
55,oil,47536,0,,
56,bounties,2403,0,,
57,epidemic,5064,0,,
58,novel coronavirus outbreak,19800,0,,
59,Trump would,4522,0,,
60,cancelled,25533,0,,
61,control,38162,0,,
62,seriously,8482,0,,
63,case,78129,0,,
64,war,83826,0,,
65,president,206116,0,,
66,prevention,1207,0,,
67,class,17439,0,,
68,election,127689,0,,
69,investigation,119321,0,,
70,outbreak,44281,0,,
71,think,138104,0,,
72,take,94235,0,,
73,South Korea,11712,0,,
74,Mr Trump,16113,0,,
75,campaign,150911,0,,
76,information,80072,0,,
77,impeachment,69175,0,,
78,scheduled,34805,0,,
79,could,177992,0,,
80,workers,21273,0,,
81,expose,3148,0,,
82,military,93758,0,,
83,media,92137,0,,
84,network,13019,0,,
85,cases,47034,0,,
86,countries,65774,0,,
87,international,42842,0,,
88,company,42061,0,,
89,sources,18784,0,,
90,police,36857,0,,
91,data,29786,0,,
92,government,150062,0,,
93,cooperation,10605,0,,
94,vaccines,3045,0,,
95,space,24626,0,,
96,nuclear,55960,0,,
97,health,44538,0,,
98,working class,3447,0,,
99,working,44557,0,,
100,public,97837,0,,
101,World Cup,29372,0,,
102,million,69058,0,,
103,former,131795,0,,
104,year,143718,0,,
105,finds,19190,0,,
106,climate,21846,0,,
107,intelligence,73098,0,,
108,sanctions,37346,0,,
109,social,48554,0,,
110,report,120309,0,,
111,work,78699,0,,
112,season,33280,0,,
113,world,105718,0,,
114,global,39639,0,,
115,Donald Trump,70068,0,,
116,funding,12614,0,,
117,administration,75935,0,,
118,conference,26099,0,,
119,crisis,34119,0,,
120,users,9845,0,,
121,pandemic,34082,0,,
122,prices,13745,0,,
123,officials,93110,0,,
124,summit,17643,0,,
125,economic,40009,0,,
126,right,107030,0,,
127,North Korean,7137,0,,
128,companies,33192,0,,
129,birds,1925,0,,
130,dont,103563,0,,
131,political,121063,0,,
132,means,30567,0,,
133,trial,21991,0,,
134,inquiries,1998,0,,
135,production,15679,0,,
136,get,119418,0,,
137,output,3531,0,,
138,George Floyd,2821,0,,
139,first,171936,0,,
140,place,62022,0,,
141,change,45208,0,,
142,receive,8563,0,,
143,revolution,6209,0,,
144,measures,18308,0,,
145,voters,33492,0,,
146,even,138614,0,,
147,press,35340,0,,
148,meeting,60111,0,,
149,efficacy,599,0,,
150,trials,2883,0,,
151,documentary,3358,0,,
152,state,91074,0,,
153,held,37900,0,,
154,team,69702,0,,
155,Saudi Arabia,19128,0,,
156,final,33217,0,,
157,last,128431,0,,
158,really,64652,0,,
159,one,275392,0,,
160,security,80027,0,,
161,week,80406,0,,
162,articles,10966,0,,
163,billion,28731,0,,
164,two,166073,0,,
165,medical,16445,0,,
166,links,6412,0,,
167,claimed,24627,0,,
168,ballots,5690,0,,
169,cut,17891,0,,
170,Justice Department,30227,0,,
171,special,58196,0,,
172,address,16743,0,,
173,joint,9807,0,,
174,videos,5585,0,,
175,announced,48801,0,,
176,study,12681,0,,
177,neither,7159,0,,
178,market,22046,0,,
179,football,19769,0,,
180,games,21582,0,,
181,pneumonia,1310,0,,
182,presidents,45010,0,,
183,free,33128,0,,
184,power,73843,0,,
185,socialist,6190,0,,
186,federal,47087,0,,
187,players,27020,0,,
188,South Koreas,2232,0,,
189,big picture,749,0,,
190,party,44250,0,,
191,movement,16786,0,,
192,producers,4672,0,,
193,researchers,6685,0,,
194,regime,22713,0,,
195,way,106144,0,,
196,cuts,8785,0,,
197,picture,9070,0,,
198,disease,11570,0,,
199,Joe Biden,21591,0,,
200,mass,15660,0,,
201,want,84132,0,,
202,time,188841,0,,
203,big,40678,0,,
204,Xi Jinping,3222,0,,
205,suspended,16866,0,,
206,economy,32048,0,,
207,Central Asia,876,0,,
208,decided,17106,0,,
209,article,23415,0,,
210,presidential,55613,0,,
211,research,19171,0,,
212,one place,445,0,,
213,evidence,63230,0,,
214,eligible,3561,0,,
215,conversations,10676,0,,
216,hottest,1678,0,,
217,Grand Prix,6405,0,,
218,tech,9544,0,,
219,special counsel,28781,0,,
220,voice,8993,0,,
221,fact,57838,0,,
222,launch,13582,0,,
223,tax,22830,0,,
224,saying,60005,0,,
225,jobs,13799,0,,
226,life,43277,0,,
227,form,18718,0,,
228,ice,6712,0,,
229,court,40882,0,,
230,scientists,8004,0,,
231,deaths,17057,0,,
232,census,1553,0,,
233,might,61630,0,,
234,including,93480,0,,
235,didnt,61892,0,,
236,death,29758,0,,
237,mean,34091,0,,
238,powerful,16242,0,,
239,shared,14849,0,,
240,efforts,37716,0,,
241,Kim Jong,7159,0,,
242,struggle,6102,0,,
243,related,22236,0,,
244,demand,14266,0,,
245,forces,36789,0,,
246,attorney,35923,0,,
247,entertainment,2342,0,,
248,confirmed,28771,0,,
249,treatment,8038,0,,
250,masks,8814,0,,
251,New York,61911,0,,
252,portal,370,0,,
253,man,41712,0,,
254,much,99246,0,,
255,poll,12871,0,,
256,got,53231,0,,
257,group,47942,0,,
258,policy,65192,0,,
259,music,7153,0,,
260,deal,58688,0,,
261,country,113857,0,,
262,President Xi Jinping,1736,0,,
263,community,26657,0,,
264,arms,16386,0,,
265,person,36557,0,,
266,anti,38234,0,,
267,left,57857,0,,
268,national,70181,0,,
269,Donald Trumps,16408,0,,
270,self,25426,0,,
271,statement,51975,0,,
272,happening,12770,0,,
273,wearing,9575,0,,
274,tested,19360,0,,
275,opinion,14083,0,,
276,conservative,18496,0,,
277,South Korean,2894,0,,
278,tournament,13736,0,,
279,back,115863,0,,
280,office,54989,0,,
281,US government,3182,0,,
282,whether,74773,0,,
283,city,29113,0,,
284,energy,21311,0,,
285,official,51634,0,,
286,schools,10824,0,,
287,robot,1463,0,,
288,cent,5386,0,,
289,opposition,22772,0,,
290,game,33048,0,,
291,patients,9687,0,,
292,see,82050,0,,
293,matches,12344,0,,
294,added,38016,0,,
295,COVID vaccine,414,0,,
296,league,11902,0,,
297,becoming,11786,0,,
298,month,46884,0,,
299,soccer,5061,0,,
300,Premier League,8324,0,,
301,Mr Trumps,4959,0,,
302,voting,16613,0,,
303,wing,13637,0,,
304,well,99688,0,,
305,trade,30519,0,,
306,inside,17900,0,,
307,counter,8834,0,,
308,lawmakers,18104,0,,
309,human,31309,0,,
310,politics,29478,0,,
311,astronauts,4279,0,,
312,day,90958,0,,
313,rescheduled,5193,0,,
314,New York Times,23438,0,,
315,markets,9804,0,,
316,indispensable,1489,0,,
317,outside,28362,0,,
318,rating,3522,0,,
319,audio,4082,0,,
320,restrictions,13047,0,,
321,barrels,4187,0,,
322,situation,25224,0,,
323,since,88777,0,,
324,things,56195,0,,
325,closed,26690,0,,
326,approval,9090,0,,
327,cultural,6639,0,,
328,school,19985,0,,
329,member,28337,0,,
330,leader,34332,0,,
331,video,25581,0,,
332,major,43934,0,,
333,receiving,5236,0,,
334,available,14677,0,,
335,map,4165,0,,
336,interview,38977,0,,
337,ministry,5801,0,,
338,mechanism,1975,0,,
339,development,14283,0,,
340,vote,43464,0,,
341,water,13717,0,,
342,US President Donald,2765,0,,
343,use,56659,0,,
344,supply,8612,0,,
345,years,150829,0,,
346,region,24080,0,,
347,fight,37622,0,,
348,nations,28386,0,,
349,support,67095,0,,
350,funded,7011,0,,
351,gas,19455,0,,
352,democratic,12482,0,,
353,Friday March,4016,0,,
354,phone,22864,0,,
355,making,43364,0,,
356,must,43565,0,,
357,experts,17196,0,,
358,still,85594,0,,
359,audience,10257,0,,
360,bounty,1765,0,,
361,lawyer,25035,0,,
362,fact checkers,640,0,,
363,actually,42284,0,,
364,rate,12183,0,,
365,states,41725,0,,
366,system,43592,0,,
367,past,46394,0,,
368,today,42986,0,,
369,never,71020,0,,
370,opportunities,6709,0,,
371,million bpd,620,0,,
372,claim,23987,0,,
373,fixtures,4279,0,,
374,found,53335,0,,
375,commentator,2124,0,,
376,custody,3463,0,,
377,photo,9345,0,,
378,wars,11741,0,,
379,income,7497,0,,
380,positive,22515,0,,
381,signing,4173,0,,
382,home,54126,0,,
383,democracy,25636,0,,
384,face,38774,0,,
385,North Korean leader,1889,0,,
386,BEGIN VIDEO CLIP,3684,0,,
387,go,79614,0,,
388,claims,28351,0,,
389,help,56395,0,,
390,written,15786,0,,
391,published,22293,0,,
392,growing,15650,0,,
393,travel,19913,0,,
394,END VIDEO CLIP,3657,0,,
395,charge,18392,0,,
396,documents,28474,0,,
397,supplies,5328,0,,
398,price,13085,0,,
399,asked,53405,0,,
400,Attorney General,23654,0,,
401,doses,859,0,,
402,public health,5406,0,,
403,testimony,28609,0,,
404,law,68549,0,,
405,nearly two,2276,0,,
406,something,54817,0,,
407,minister,19384,0,,
408,editors,2279,0,,
409,neck,2130,0,,
410,transcription,1962,0,,
411,republished,470,0,,
412,likely,43284,0,,
413,platform,10004,0,,
414,conflict,21247,0,,
415,Chinese President Xi,1240,0,,
416,extensively,1633,0,,
417,speaks,6643,0,,
418,George Washington,1431,0,,
419,pop,2601,0,,
420,peace,17024,0,,
421,reporting,18262,0,,
422,secrecy,2027,0,,
423,agreeing,1704,0,,
424,falsely,3657,0,,
425,amazing,3539,0,,
426,admire,743,0,,
427,justice,29927,0,,
428,make,98485,0,,
429,internet,9335,0,,
430,delivering,2555,0,,
431,confirmed cases,2978,0,,
432,excessive,1428,0,,
433,minutes,14180,0,,
434,people involved,599,0,,
435,around,65732,0,,
436,business,39533,0,,
437,forgotten,2660,0,,
438,forums,1031,0,,
439,many times,2601,0,,
440,understandable,1117,0,,
441,original,11005,0,,
442,governments,27170,0,,
443,valid,1752,0,,
444,take part,3327,0,,
445,art,6621,0,,
446,mail,5528,0,,
447,box,4728,0,,
448,match,15633,0,,
449,communicating,987,0,,
450,criminal,29550,0,,
451,spiked,697,0,,
452,donation,1519,0,,
453,script,1606,0,,
454,news site,694,0,,
455,backed,16316,0,,
456,rally,12283,0,,
457,thing,45305,0,,
458,often,29985,0,,
459,corporate,9696,0,,
460,Kim Jong un,1838,0,,
461,good,62643,0,,
462,dose,747,0,,
463,events,30561,0,,
464,leader Kim Jong,1685,0,,
465,George Bush,597,0,,
466,win,35738,0,,
467,race,33785,0,,
468,demonstration,2355,0,,
469,Hong Kong,8977,0,,
470,protests,13467,0,,
471,million barrels,2597,0,,
472,George Washington University,539,0,,
473,represent,6436,0,,
474,volumes,914,0,,
475,every,53053,0,,
476,provide,23948,0,,
477,permission,3865,0,,
478,platforms,6493,0,,
479,Black Lives Matter,2651,0,,
480,website,12588,0,,
481,Times report,1146,0,,
482,confirm,4742,0,,
483,created,21733,0,,
484,example,26377,0,,
485,protective,6171,0,,
486,industry,16564,0,,
487,parties,15073,0,,
488,visit,16446,0,,
489,capital,15812,0,,
490,two decades ago,395,0,,
491,police brutality,1390,0,,
492,awareness,2231,0,,
493,spread,24265,0,,
494,prosecutors,21641,0,,
495,topic,4386,0,,
496,black,21013,0,,
497,check,9967,0,,
498,briefing,10772,0,,
499,district,9041,0,,
500,garnered,718,0,,
501,talks,18193,0,,
502,interviews,7624,0,,
503,Security Council,9306,0,,
504,acclaimed,509,0,,
505,participant,849,0,,
506,special counsel Robert,13646,0,,
507,truths,1052,0,,
508,total,19306,0,,
509,the Russian,46664,0,,
510,of a,141272,0,,
511,from the,158383,0,,
512,that Russia,13188,0,,
513,to know,13794,0,,
514,the US,70606,0,,
515,know about,5094,0,,
516,to kill,5004,0,,
517,the Taliban,5478,0,,
518,allegations that,2900,0,,
519,The novel coronavirus,19921,0,,
520,I have,28494,0,,
521,that Trump,30939,0,,
522,Also on,8530,0,,
523,do to,3347,0,,
524,to us,4742,0,,
525,us that,3220,0,,
526,and control,1532,0,,
527,the United States,175431,0,,
528,been postponed,17076,0,,
529,a a,7376,0,,
530,on Earth,1769,0,,
531,that Trump would,1022,0,,
532,during a,20132,0,,
533,the president,100197,0,,
534,I think,74842,0,,
535,due to,44162,0,,
536,the coronavirus,40440,0,,
537,and his,51890,0,,
538,scheduled for,16808,0,,
539,on the,272104,0,,
540,you know,30909,0,,
541,the epidemic,1572,0,,
542,dozens of,6019,0,,
543,the FBI,46073,0,,
544,and the,228917,0,,
545,on March,26724,0,,
546,by recaptcha,4424,0,,
547,This site,4448,0,,
548,is protected by,4524,0,,
549,site is,4806,0,,
550,according to,66586,0,,
551,has been postponed,9044,0,,
552,and stories,6353,0,,
553,Let me,3396,0,,
554,and free,2605,0,,
555,the Trump,68457,0,,
556,the virus,30873,0,,
557,to the world,2888,0,,
558,December The,499,0,,
559,Some are,522,0,,
560,the Chinese,12157,0,,
561,percent of,21304,0,,
562,I did,6579,0,,
563,on my,3522,0,,
564,in Beijing,3068,0,,
565,are on,4147,0,,
566,postponed until,8032,0,,
567,with him,8854,0,,
568,called off,8309,0,,
569,to take place,11179,0,,
570,the world,65783,0,,
571,at the,191902,0,,
572,Share this,5969,0,,
573,was postponed,8161,0,,
574,the election,48114,0,,
575,that he,97494,0,,
576,from any,1903,0,,
577,the novel coronavirus,2383,0,,
578,scheduled for March,6966,0,,
579,the North,7120,0,,
580,sources and,1453,0,,
581,all over the,3560,0,,
582,participate in,3220,0,,
583,all over,5764,0,,
584,happening now,1405,0,,
585,stories that,7171,0,,
586,in one,6889,0,,
587,are happening,1405,0,,
588,charge to,2366,0,,
589,those of,6298,0,,
590,have not,8759,0,,
591,The big,1191,0,,
592,May The,889,0,,
593,pertaining to,771,0,,
594,that I,20630,0,,
595,due to be,7294,0,,
596,With that,677,0,,
597,that the,234581,0,,
598,can provide,2639,0,,
599,the company,12429,0,,
600,It is,44011,0,,
601,I mean,17935,0,,
602,the season,11234,0,,
603,credibility and,583,0,,
604,a press,4700,0,,
605,the President,23091,0,,
606,it matters,684,0,,
607,the working,1620,0,,
608,ADVERTISEMENT The,3661,0,,
609,photos of the,5837,0,,
610,want to,54185,0,,
611,of George Floyd,1788,0,,
612,I am,20609,0,,
613,to receive,3564,0,,
614,a press conference,3031,0,,
615,the UK,15843,0,,
616,the working class,1047,0,,
617,to be,212155,0,,
618,the Senate,30465,0,,
619,as of,6309,0,,
620,as a,130136,0,,
621,is available,2991,0,,
622,and videos,466,0,,
623,would be interested,2409,0,,
624,The Associated Press,3492,0,,
625,of George,2942,0,,
626,meet your,3710,0,,
627,the World Cup,13386,0,,
628,during a protest,1218,0,,
629,the people,20745,0,,
630,in a,178486,0,,
631,the House,45337,0,,
632,This article is,2634,0,,
633,the WHO,3267,0,,
634,with a friend,2388,0,,
635,becoming a,2071,0,,
636,the case,24806,0,,
637,is one of,8675,0,,
638,the presidents,29770,0,,
639,in China,12815,0,,
640,with the,192646,0,,
641,the public,23693,0,,
642,be postponed,6225,0,,
643,it is,69143,0,,
644,a protest,2063,0,,
645,tested positive for,10470,0,,
646,the Korean,3638,0,,
647,opinion and,847,0,,
648,University of,9006,0,,
649,provide a,4663,0,,
650,and entertainment,661,0,,
651,Get the,688,0,,
652,has been,123399,0,,
653,a lot of,31993,0,,
654,one of Americas,606,0,,
655,and counter,707,0,,
656,created by,4550,0,,
657,is a,125773,0,,
658,such as,35898,0,,
659,of Americas,3611,0,,
660,for news,537,0,,
661,the vaccine,1017,0,,
662,to do,67092,0,,
663,kind of,32585,0,,
664,is one,12653,0,,
665,This article,4934,0,,
666,months on,1459,0,,
667,companies and,2851,0,,
668,on Thursday,17291,0,,
669,this image,2785,0,,
670,positive for coronavirus,5779,0,,
671,he was,73442,0,,
672,the dossier,6273,0,,
673,protest against,1389,0,,
674,the past,27728,0,,
675,the first,80083,0,,
676,the COVID,2945,0,,
677,in the election,15818,0,,
678,the Trump campaign,20336,0,,
679,your friends,2859,0,,
680,the University of,6092,0,,
681,that matters,4352,0,,
682,I dont,38536,0,,
683,reporting on the,1335,0,,
684,and president of,1221,0,,
685,it with a,2783,0,,
686,was due to,6674,0,,
687,on Monday,16315,0,,
688,is the,91179,0,,
689,the White House,49629,0,,
690,on Friday,17039,0,,
691,on the coronavirus,1350,0,,
692,he says,8820,0,,
693,Advertisement The,1602,0,,
694,more than,73570,0,,
695,in Afghanistan,8215,0,,
696,China has,5033,0,,
697,the coronavirus crisis,2056,0,,
698,the international,7711,0,,
699,You can,8485,0,,
700,as the,86856,0,,
701,the State,10574,0,,
702,on Wednesday,17257,0,,
703,the international community,3071,0,,
704,A man,2337,0,,
705,to any,6377,0,,
706,on Twitter,18702,0,,
707,over the,57748,0,,
708,until April,5576,0,,
709,The Grayzone,391,0,,
710,access to,14658,0,,
711,off with,3973,0,,
712,from The,2474,0,,
713,give you,2191,0,,
714,of the State,1060,0,,
715,here with,888,0,,
716,games were,3979,0,,
717,to a,94867,0,,
718,the Justice Department,16885,0,,
719,during the,52856,0,,
720,I want to,10202,0,,
721,on Tuesday,18504,0,,
722,postponed due to,4029,0,,
723,I was,31030,0,,
724,And I,17151,0,,
725,the joint,1221,0,,
726,may be updated,2297,0,,
727,declined to,9556,0,,
728,did not,58845,0,,
729,Trump and,38136,0,,
730,in Texas,2154,0,,
731,on the phone,1655,0,,
732,The US,9982,0,,
733,The best,7055,0,,
734,Russia and,26713,0,,
735,before I,1349,0,,
736,in Syria,16708,0,,
737,a lot to,1403,0,,
738,Like this,1718,0,,
739,Fourth of July,1366,0,,
740,I did not,1573,0,,
741,its final form,2315,0,,
742,reporting on,2695,0,,
743,in Wuhan,5344,0,,
744,the box,1015,0,,
745,a final,2034,0,,
746,all I,1245,0,,
747,do not,19541,0,,
748,be in its,2340,0,,
749,of China,4313,0,,
750,this I,1276,0,,
751,here at,1461,0,,
752,of the novel,802,0,,
753,She is,2762,0,,
754,why I,2196,0,,
755,deaths in,1746,0,,
756,Download the,954,0,,
757,due to take,4020,0,,
758,to do this,2126,0,,
759,of you,3899,0,,
760,suspended until,4136,0,,
761,crisis and,2574,0,,
762,want to have,1169,0,,
763,If you dont,955,0,,
764,the Texas,886,0,,
765,him and his,1331,0,,
766,of the World,7920,0,,
767,I have not,871,0,,
768,agreeing to,1123,0,,
769,work that,1457,0,,
770,will be,81243,0,,
771,the pandemic,14260,0,,
772,in the US,9435,0,,
773,that I have,1396,0,,
774,the topic,1580,0,,
775,you do,4832,0,,
776,March has,3991,0,,
777,have been postponed,4025,0,,
778,I spoke,1407,0,,
779,it this,1032,0,,
780,in its final,2410,0,,
781,facts and,2157,0,,
782,Trump has,33108,0,,
783,following the,10348,0,,
784,here because,676,0,,
785,for US,1217,0,,
786,at a,44282,0,,
787,the war,13907,0,,
788,this as a,1000,0,,
789,have anything,845,0,,
790,and other,40248,0,,
791,spoke with,3065,0,,
792,up you,533,0,,
793,against the,35115,0,,
794,of issues,1441,0,,
795,I have been,1927,0,,
796,him on the,1038,0,,
797,was held,1617,0,,
798,the Flynn,1981,0,,
799,in any way,2155,0,,
800,with some of,1381,0,,
801,the Syrian,10273,0,,
802,to get,52673,0,,
803,the hottest,1095,0,,
804,justice and,2466,0,,
805,the confirmation,635,0,,
806,to confirm,2213,0,,
807,in person,3948,0,,
808,I met,1096,0,,
809,of his,69476,0,,
810,China and,11404,0,,
811,do all,820,0,,
812,did not want,1655,0,,
813,but still,1450,0,,
814,have given,1628,0,,
815,with all,6366,0,,
816,national security and,1633,0,,
817,any information,968,0,,
818,from March,5721,0,,
819,I am not,2462,0,,
820,Ive been,4444,0,,
821,any time,2112,0,,
822,not and,1145,0,,
823,my own,2428,0,,
824,anything to do,1079,0,,
825,a Democrat,3735,0,,
826,signing up,577,0,,
827,She has,2379,0,,
828,the phone,4571,0,,
829,in four,1498,0,,
830,person to,2141,0,,
831,represent the,1686,0,,
832,All rights reserved,1936,0,,
833,our website,1978,0,,
834,the place,1980,0,,
835,on the case,783,0,,
836,a solid,1047,0,,
837,in stock,798,0,,
838,the Democrats,17359,0,,
839,the good,2920,0,,
840,email to,1554,0,,
841,created on,1948,0,,
842,the Mueller,21898,0,,
843,with your,2436,0,,
844,the past few,2260,0,,
845,against police brutality,669,0,,
846,not however,502,0,,
847,in US,2538,0,,
848,enter a,556,0,,
849,was the first,5089,0,,
850,have decided,867,0,,
851,on national,1498,0,,
852,a large,8845,0,,
853,anything to,3049,0,,
854,of our,29334,0,,
855,the media,19253,0,,
856,you see,4769,0,,
857,have not been,2153,0,,
858,the World,21263,0,,
859,number of,36701,0,,
860,FILE In this,675,0,,
861,that can,10032,0,,
862,Obama to,766,0,,
863,been done,1420,0,,
864,the funding,834,0,,
865,I was the,603,0,,
866,if you do,510,0,,
867,a rush,2615,0,,
868,years I,695,0,,
869,his work,3615,0,,
870,at any time,1076,0,,
871,been extended,783,0,,
872,It is an,884,0,,
873,and do,3360,0,,
874,the CIA,9765,0,,
875,and The,3137,0,,
876,in front of,8517,0,,
877,and information,1307,0,,
878,other news,656,0,,
879,a Sunday,512,0,,
880,so is,746,0,,
881,a protest against,711,0,,
882,up to,34503,0,,
883,in Turkey,2264,0,,
884,have written,731,0,,
885,used as,2647,0,,
886,June The,731,0,,
887,those of the,1521,0,,
888,do this,4460,0,,
889,to my,4448,0,,
890,with those,2460,0,,
891,on other,1728,0,,
892,in criminal,735,0,,
893,author of the,1713,0,,
894,all things,844,0,,
895,the Olympic,5969,0,,
896,not want to,2745,0,,
897,held in,6852,0,,
898,appeared on,2337,0,,
899,of the coronavirus,9693,0,,
900,this as,2862,0,,
901,I decided,691,0,,
902,be used as,745,0,,
903,involved in this,524,0,,
904,been cancelled,4193,0,,
905,you do not,501,0,,
906,up as,2597,0,,
907,him his,614,0,,
908,a Republican,6320,0,,
909,was cancelled,4130,0,,
910,in Central,1004,0,,
911,the Russia,20902,0,,
912,decided that,1539,0,,
913,in two,3684,0,,
914,I spoke with,514,0,,
915,and only,2770,0,,
916,police brutality and,700,0,,
917,the investigation,22963,0,,
918,means a,662,0,,
919,one of,82136,0,,
920,In the past,1634,0,,
921,you dont,7621,0,,
922,links to,2385,0,,
923,sent a,3565,0,,
924,is shared,442,0,,
925,it this way,470,0,,
926,you dont get,435,0,,
927,and Russia,18277,0,,
928,have anything to,463,0,,
929,has an,3758,0,,
930,By signing,384,0,,
931,from all,2741,0,,
932,and get,3974,0,,
933,a comprehensive,1257,0,,
934,the full story,890,0,,
935,a valid,509,0,,
936,with him on,413,0,,
937,the address,402,0,,
938,the work of,2335,0,,
939,articles on,559,0,,
940,project and,596,0,,
941,the China,983,0,,
942,developed with,1989,0,,
943,On a,1385,0,,
944,the most powerful,1712,0,,
945,first and,2190,0,,
946,are created,2159,0,,
947,Why was,491,0,,
948,link to,1403,0,,
949,in Ankara,496,0,,
950,wish to,1620,0,,
951,Freedom of,1064,0,,
952,to expose,1365,0,,
953,on the internet,1122,0,,
954,the two,23597,0,,
955,the National Security,4177,0,,
956,with him in,466,0,,
957,to deliver,3989,0,,
958,with a,78225,0,,
959,government or,962,0,,
960,this is,38771,0,,
961,the link,687,0,,
962,the EU,9771,0,,
963,University and,1303,0,,
964,and do not,944,0,,
965,and further,906,0,,
966,president of the,10415,0,,
967,in Asia,1588,0,,
968,communicating with,514,0,,
969,I can,11504,0,,
970,contractor and,1982,0,,
971,of the National,3038,0,,
972,was a,72891,0,,
973,over the place,447,0,,
974,control of,9213,0,,
975,on US,1302,0,,
976,this so,483,0,,
977,and TV,594,0,,
978,this way,3056,0,,
979,States in the,742,0,,
980,of its,32301,0,,
981,done on,534,0,,
982,past few weeks,512,0,,
983,the new,23588,0,,
984,at any,3214,0,,
985,the special,17920,0,,
986,on matters,543,0,,
987,held a,3681,0,,
988,of use,2039,0,,
989,and begin,509,0,,
990,a statement,23890,0,,
991,the final,12452,0,,
992,founder and,1166,0,,
993,of July,2136,0,,
994,the CIAs,1298,0,,
995,we have,34576,0,,
996,a case,4983,0,,
997,email from,671,0,,
998,claimed that,6626,0,,
999,most powerful,3027,0,,
