,PHRASE,COUNT,ON_TOPIC,UNIQUE,SPECIFIC
0,socialism,5093,1,1.0,1.0
1,socialist,6045,1,1.0,1.0
2,Nicolas Maduro,6389,1,1.0,1.0
3,humanitarian,4796,1,1.0,1.0
4,democracy,6925,1,1.0,1.0
5,regime change,3163,1,1.0,1.0
6,Juan Guaido,5033,1,1.0,1.0
7,capitalism,1843,1,1.0,1.0
8,intervention,3208,1,1.0,1.0
9,United States sanctions,1267,1,1.0,1.0
10,revolution,2075,1,1.0,1.0
11,propaganda,1924,1,1.0,1.0
12,cartels,603,1,1.0,1.0
13,opposition leader,2802,1,1.0,1.0
14,US backed,777,1,1.0,1.0
15,corruption,3794,1,1.0,1.0
16,interim president,2090,1,1.0,1.0
17,communist,1240,1,1.0,1.0
18,solidarity,1052,1,1.0,1.0
19,international cooperation,91,1,1.0,1.0
20,trafficking,1558,1,1.0,1.0
21,imperialism,858,1,1.0,1.0
22,diplomats,1545,1,1.0,1.0
23,imperial,827,1,1.0,1.0
24,violence,5544,1,1.0,1.0
25,maximum pressure,403,1,1.0,1.0
26,Mucarsel Powell,80,1,1.0,1.0
27,coup attempt,812,1,1.0,1.0
28,referendum,726,1,1.0,1.0
29,Jose Gregorio,58,1,1.0,1.0
30,the IMF,779,1,1.0,1.0
31,authoritative,304,1,1.0,0.0
32,oil,19210,1,1.0,0.0
33,United States government,2021,1,1.0,0.0
34,White Helmets,218,1,1.0,0.0
35,Latin America,4276,1,1.0,0.0
36,embassy,2365,1,1.0,0.0
37,administrations,3419,1,1.0,0.0
38,Latino voters,340,1,1.0,0.0
39,unilateral,540,1,1.0,0.0
40,sanctions,14908,1,1.0,0.0
41,military,22665,1,1.0,0.0
42,human rights,4911,1,1.0,0.0
43,cooperation,1294,1,1.0,0.0
44,foreign policy,5098,1,1.0,0.0
45,US sanctions,1148,1,1.0,0.0
46,Wasserman Schultz,87,1,1.0,0.0
47,refugees,1957,1,1.0,0.0
48,asylum seekers,984,1,1.0,0.0
49,National Assembly,2233,1,1.0,0.0
50,leader Juan Guaido,1964,1,0.0,
51,international,10406,1,0.0,
52,coup,7196,1,0.0,
53,regime,10339,1,0.0,
54,asylum,3413,1,0.0,
55,Mr Bolton,277,1,0.0,
56,Mr Maduro,801,1,0.0,
57,President Nicolas Maduro,3458,1,0.0,
58,International Airport,641,1,0.0,
59,crisis,11478,1,0.0,
60,debt,2571,1,0.0,
61,finds,14379,0,,
62,United States,67066,0,,
63,virus,4644,0,,
64,war,16514,0,,
65,countries,18908,0,,
66,know,17897,0,,
67,think,18358,0,,
68,government,37535,0,,
69,cases,7353,0,,
70,epidemic,934,0,,
71,election,12075,0,,
72,voters,5297,0,,
73,campaign,12263,0,,
74,medical,4609,0,,
75,opposition,13661,0,,
76,pandemic,6140,0,,
77,president,29173,0,,
78,administration,15818,0,,
79,world,19490,0,,
80,vaccine,957,0,,
81,candidates,3808,0,,
82,year,24370,0,,
83,media,12587,0,,
84,policy,14464,0,,
85,mask,1795,0,,
86,get,16196,0,,
87,human,9819,0,,
88,vote,6770,0,,
89,political,19396,0,,
90,ship,2327,0,,
91,illustration,2184,0,,
92,officials,11217,0,,
93,economic,14631,0,,
94,global,8144,0,,
95,health,9755,0,,
96,deaths,3563,0,,
97,dont,14893,0,,
98,team,4856,0,,
99,Mr Trump,1417,0,,
100,even,20552,0,,
101,really,8769,0,,
102,experts,2090,0,,
103,school,3585,0,,
104,among,7610,0,,
105,skull,1953,0,,
106,trump,525,0,,
107,presidential,7227,0,,
108,state,18356,0,,
109,company,5671,0,,
110,million,15999,0,,
111,right,18601,0,,
112,PRESIDENT DONALD TRUMP,981,0,,
113,found,11235,0,,
114,food,7220,0,,
115,rights,9076,0,,
116,country,28132,0,,
117,hundred,746,0,,
118,rating,534,0,,
119,foreign,13610,0,,
120,nuclear,5667,0,,
121,guilty,1047,0,,
122,border,9438,0,,
123,home,9039,0,,
124,masks,2887,0,,
125,cocaine,1122,0,,
126,free,7382,0,,
127,companies,5454,0,,
128,voting,2143,0,,
129,thousand,646,0,,
130,last,18956,0,,
131,leader,10487,0,,
132,coach,832,0,,
133,want,12629,0,,
134,imperialist,925,0,,
135,capitalist,1296,0,,
136,time,23869,0,,
137,class,4261,0,,
138,legal,3900,0,,
139,aid,6312,0,,
140,police,7714,0,,
141,one,39003,0,,
142,points,3163,0,,
143,community,4342,0,,
144,support,15449,0,,
145,shared,1583,0,,
146,former,13441,0,,
147,polls,1748,0,,
148,week,10763,0,,
149,fight,4317,0,,
150,power,15950,0,,
151,crude,1868,0,,
152,statement,5388,0,,
153,picture,1177,0,,
154,wars,3112,0,,
155,production,3902,0,,
156,social,8744,0,,
157,family,6790,0,,
158,World Cup,670,0,,
159,change,10689,0,,
160,artists,2377,0,,
161,prices,4243,0,,
162,dinosaur,1448,0,,
163,assistance,1599,0,,
164,drug,3915,0,,
165,dive,148,0,,
166,immigration,4558,0,,
167,shelter,814,0,,
168,Joe Biden,2410,0,,
169,states,7283,0,,
170,two,22809,0,,
171,economy,9031,0,,
172,supplies,2099,0,,
173,first,20710,0,,
174,freedom,3435,0,,
175,campaigns,1572,0,,
176,big,5713,0,,
177,public,12609,0,,
178,confirmed,2872,0,,
179,cent,400,0,,
180,vaccines,329,0,,
181,years,27450,0,,
182,face,7048,0,,
183,democratic,4363,0,,
184,saying,7322,0,,
185,article,3662,0,,
186,governments,7209,0,,
187,protective,2360,0,,
188,ban,3980,0,,
189,mean,5071,0,,
190,ocean,343,0,,
191,opinion,1543,0,,
192,ago,9797,0,,
193,dinosaurs,1178,0,,
194,entertainment,289,0,,
195,season,1834,0,,
196,prevention,219,0,,
197,big picture,79,0,,
198,wing,3835,0,,
199,must,6986,0,,
200,New York,9336,0,,
201,old,9696,0,,
202,pneumonia,134,0,,
203,fossil,2871,0,,
204,control,6893,0,,
205,barrels,1578,0,,
206,party,7261,0,,
207,conference,2853,0,,
208,candidate,3953,0,,
209,including,13532,0,,
210,race,3489,0,,
211,baseball,856,0,,
212,billionaires,781,0,,
213,average,1761,0,,
214,spread,3620,0,,
215,claims,3780,0,,
216,migrants,3065,0,,
217,travel,4326,0,,
218,counter,1309,0,,
219,weapons,4300,0,,
220,cultural,1113,0,,
221,left,12904,0,,
222,conservative,2641,0,,
223,interview,4110,0,,
224,receive,1377,0,,
225,life,7329,0,,
226,comment,1975,0,,
227,market,5043,0,,
228,President Donald Trump,2728,0,,
229,photo,1739,0,,
230,three,9762,0,,
231,senior,3732,0,,
232,water,3383,0,,
233,energy,4055,0,,
234,tankers,695,0,,
235,day,13195,0,,
236,Ocasio Cortez,2028,0,,
237,report,9842,0,,
238,right wing,2269,0,,
239,go,11437,0,,
240,much,14771,0,,
241,poll,1974,0,,
242,might,7846,0,,
243,federal,4969,0,,
244,doses,104,0,,
245,nations,7135,0,,
246,didnt,6970,0,,
247,could,21936,0,,
248,Donald Trump,6863,0,,
249,member,4061,0,,
250,corporate,2580,0,,
251,married,547,0,,
252,address,3506,0,,
253,joint,931,0,,
254,added,4700,0,,
255,things,7228,0,,
256,name,3868,0,,
257,allies,4706,0,,
258,care,7154,0,,
259,friends,2482,0,,
260,Bernie Sanders,2763,0,,
261,anti,7431,0,,
262,got,6985,0,,
263,women,4947,0,,
264,gun,1942,0,,
265,workers,5625,0,,
266,work,11243,0,,
267,fact,7644,0,,
268,actually,5827,0,,
269,expert,1041,0,,
270,institutions,2394,0,,
271,soccer,780,0,,
272,dollar,2148,0,,
273,tax,3990,0,,
274,backed,4178,0,,
275,month,6561,0,,
276,discovered,2576,0,,
277,elections,5833,0,,
278,price,2974,0,,
279,intelligence,4498,0,,
280,inside,3396,0,,
281,immigrants,2883,0,,
282,ancient,1896,0,,
283,coca,332,0,,
284,see,11533,0,,
285,league,685,0,,
286,court,4254,0,,
287,votes,2076,0,,
288,since,13334,0,,
289,supporters,3853,0,,
290,trade,6342,0,,
291,security,11173,0,,
292,tool,821,0,,
293,twenty,414,0,,
294,every,8420,0,,
295,meanwhile,740,0,,
296,within,4801,0,,
297,days,8220,0,,
298,disinformation,697,0,,
299,men,3924,0,,
300,trolls,154,0,,
301,empire,1248,0,,
302,return,3531,0,,
303,growing,3030,0,,
304,governors,681,0,,
305,talks,2635,0,,
306,information,5123,0,,
307,parents,1862,0,,
308,disease,2162,0,,
309,money,8537,0,,
310,Trump campaign,1082,0,,
311,becoming,1515,0,,
312,fuel,1885,0,,
313,announced,5669,0,,
314,Hong Kong,2654,0,,
315,submarine,93,0,,
316,national,11037,0,,
317,rally,2395,0,,
318,spirit,510,0,,
319,game,2556,0,,
320,results,2327,0,,
321,book,3798,0,,
322,experience,2243,0,,
323,research,2148,0,,
324,net,854,0,,
325,gold,2103,0,,
326,New York Times,2774,0,,
327,data,3246,0,,
328,efforts,4719,0,,
329,face masks,1033,0,,
330,teams,1076,0,,
331,play,2910,0,,
332,lives,3895,0,,
333,official,6434,0,,
334,recovered,1653,0,,
335,medical supplies,556,0,,
336,win,4331,0,,
337,doesnt,6016,0,,
338,presidents,4798,0,,
339,forces,7153,0,,
340,letter,2224,0,,
341,shale,865,0,,
342,patient,1385,0,,
343,gas,3684,0,,
344,players,1807,0,,
345,shows,5623,0,,
346,system,8375,0,,
347,climate,4023,0,,
348,speaks,1372,0,,
349,course,5203,0,,
350,woman,4038,0,,
351,created,3341,0,,
352,city,5059,0,,
353,recent,7933,0,,
354,order,6751,0,,
355,timely,131,0,,
356,species,1756,0,,
357,researchers,1398,0,,
358,press,4341,0,,
359,need,9488,0,,
360,response,5332,0,,
361,funding,2242,0,,
362,legal team,160,0,,
363,hospital,3154,0,,
364,industry,3344,0,,
365,point,7412,0,,
366,lived,3338,0,,
367,good,9158,0,,
368,well,15276,0,,
369,towards,2006,0,,
370,markets,2458,0,,
371,treatment,1562,0,,
372,record,4610,0,,
373,never,9561,0,,
374,deepest,123,0,,
375,politics,4745,0,,
376,look,6606,0,,
377,golf,561,0,,
378,accounts,1851,0,,
379,civil,2925,0,,
380,Anderson Cooper,223,0,,
381,financial,4640,0,,
382,oldest,1585,0,,
383,schools,1790,0,,
384,trials,244,0,,
385,wanted,3649,0,,
386,disinformation campaigns,84,0,,
387,measures,3306,0,,
388,likely,6517,0,,
389,field,1876,0,,
390,proprietary,259,0,,
391,population,3975,0,,
392,leaders,7998,0,,
393,authorities,3255,0,,
394,map,684,0,,
395,confirmed cases,583,0,,
396,deal,7959,0,,
397,conversations,736,0,,
398,early,5991,0,,
399,major,6089,0,,
400,amid,2552,0,,
401,pressure,4594,0,,
402,tar,109,0,,
403,skeleton,892,0,,
404,tanker,386,0,,
405,back,15976,0,,
406,patients,1900,0,,
407,better,5613,0,,
408,surface,474,0,,
409,transcription,265,0,,
410,fraud,1279,0,,
411,teeth,1403,0,,
412,wedding,369,0,,
413,President Trumps,1331,0,,
414,nothing,4634,0,,
415,polling,931,0,,
416,older,685,0,,
417,severe,1137,0,,
418,rate,3048,0,,
419,thing,5682,0,,
420,prosecutors,1278,0,,
421,dogs,564,0,,
422,cant,5095,0,,
423,question,5753,0,,
424,conspiracy,1597,0,,
425,adviser,2730,0,,
426,compliance,388,0,,
427,way,14669,0,,
428,eligible,508,0,,
429,five,4850,0,,
430,make,13784,0,,
431,man,6224,0,,
432,journalist,2147,0,,
433,transcripts,322,0,,
434,minister,2915,0,,
435,attorney,1917,0,,
436,protests,4672,0,,
437,real,5674,0,,
438,audience,1109,0,,
439,four,6085,0,,
440,million barrels,787,0,,
441,capital,3494,0,,
442,income,2200,0,,
443,situation,4507,0,,
444,origin,464,0,,
445,humans,1824,0,,
446,show,6628,0,,
447,peace,3906,0,,
448,business,5571,0,,
449,still,11619,0,,
450,alerts,401,0,,
451,run,6144,0,,
452,popular,3053,0,,
453,asked,5745,0,,
454,history,6989,0,,
455,help,8802,0,,
456,opinions,471,0,,
457,dictator,2061,0,,
458,firms,1122,0,,
459,buttons,239,0,,
460,extended,1132,0,,
461,next,7716,0,,
462,nation,5458,0,,
463,lawyer,1539,0,,
464,counsel,1012,0,,
465,black,3427,0,,
466,columnists,63,0,,
467,tear gas,625,0,,
468,house,2108,0,,
469,law,8557,0,,
470,meeting,5661,0,,
471,health care,3463,0,,
472,operation,2244,0,,
473,ballots,542,0,,
474,indigenous,1944,0,,
475,always,5534,0,,
476,eat,900,0,,
477,movements,1398,0,,
478,ministry,857,0,,
479,great,6344,0,,
480,algorithm,75,0,,
481,something,7032,0,,
482,wore,274,0,,
483,death,5179,0,,
484,case,7670,0,,
485,expressed,1755,0,,
486,voice,1287,0,,
487,evidence,5334,0,,
488,best,5218,0,,
489,output,825,0,,
490,watch,1608,0,,
491,happening,1903,0,,
492,familiar,1477,0,,
493,troops,3765,0,,
494,white,3836,0,,
495,Mr Guaido,409,0,,
496,indispensable,160,0,,
497,Bolton writes,220,0,,
498,published,2859,0,,
499,drugs,1602,0,,
500,pages,952,0,,
501,policies,5621,0,,
502,restrictions,2121,0,,
503,region,4760,0,,
504,journalists,2611,0,,
505,minutes,1484,0,,
506,democracies,711,0,,
507,deals,955,0,,
508,senator,1439,0,,
509,crew,555,0,,
510,less,6401,0,,
511,liberal,2611,0,,
512,regional,1929,0,,
513,example,4442,0,,
514,night,4358,0,,
515,shortages,1748,0,,
516,North Korea,4223,0,,
517,pilot,241,0,,
518,symptoms,743,0,,
519,enter,1331,0,,
520,signing,625,0,,
521,scientists,844,0,,
522,friend,1789,0,,
523,reporting,1785,0,,
524,groups,5548,0,,
525,take,12425,0,,
526,high,7421,0,,
527,top,6875,0,,
528,interests,3574,0,,
529,sent,3357,0,,
530,society,2924,0,,
531,western,1077,0,,
532,platforms,505,0,,
533,love,2296,0,,
534,viral,620,0,,
535,available,1943,0,,
536,State Department,3022,0,,
537,Saudi Arabia,3414,0,,
538,video,3415,0,,
539,programming,335,0,,
540,speech,4876,0,,
541,opposition leader Juan,1787,0,,
542,currency,1911,0,,
543,working,6969,0,,
544,owned,1898,0,,
545,wearing,2191,0,,
546,users,659,0,,
547,opportunities,979,0,,
548,agreeing,178,0,,
549,vary,355,0,,
550,elect,654,0,,
551,provide,3448,0,,
552,author,1749,0,,
553,ships,1086,0,,
554,miles,1368,0,,
555,long,12609,0,,
556,children,5787,0,,
557,views,1805,0,,
558,feet,1191,0,,
559,bank,2106,0,,
560,based,6369,0,,
561,around,10618,0,,
562,mail,441,0,,
563,released,3361,0,,
564,cause,2430,0,,
565,staff,3325,0,,
566,demand,2652,0,,
567,rent,518,0,,
568,producers,1008,0,,
569,sector,2035,0,,
570,billion,5337,0,,
571,troll,148,0,,
572,charge,1995,0,,
573,six,3696,0,,
574,US military,947,0,,
575,claimed,3211,0,,
576,judge,1574,0,,
577,though,5868,0,,
578,link,775,0,,
579,entered,1023,0,,
580,national security,3995,0,,
581,group,8498,0,,
582,elected,4536,0,,
583,Hispanic voters,128,0,,
584,students,2354,0,,
585,posts,680,0,,
586,months,7219,0,,
587,self,3899,0,,
588,interested,1187,0,,
589,toward,3499,0,,
590,original,1324,0,,
591,abuse,1281,0,,
592,United States officials,886,0,,
593,learning,615,0,,
594,invasion,2135,0,,
595,mass,3811,0,,
596,games,942,0,,
597,wait,1995,0,,
598,talking,3610,0,,
599,today,6627,0,,
600,updated,650,0,,
601,risk,3576,0,,
602,talent,271,0,,
603,lost,3959,0,,
604,project,1919,0,,
605,large,4513,0,,
606,expedition,84,0,,
607,necessarily,820,0,,
608,influence,2712,0,,
609,availability,382,0,,
610,maximum,810,0,,
611,travel ban,1294,0,,
612,officer,1874,0,,
613,later,6420,0,,
614,austerity,631,0,,
615,machines,398,0,,
616,rush,755,0,,
617,forty,184,0,,
618,check,1547,0,,
619,far,9775,0,,
620,flights,1119,0,,
621,revised,415,0,,
622,confirm,373,0,,
623,closed,2454,0,,
624,infected,1042,0,,
625,doctors,1845,0,,
626,mainstream,1679,0,,
627,tonight,1249,0,,
628,zone,508,0,,
629,reserved,490,0,,
630,investigation,3806,0,,
631,attempt,3902,0,,
632,future,5185,0,,
633,donated,255,0,,
634,audio,486,0,,
635,impeachment,2586,0,,
636,deadline,639,0,,
637,development,1991,0,,
638,parties,2754,0,,
639,taxes,1684,0,,
640,pay,4215,0,,
641,paper,1555,0,,
642,across,6795,0,,
643,guidelines,365,0,,
644,career,1717,0,,
645,testing,1752,0,,
646,important,5814,0,,
647,Mr Trumps,475,0,,
648,valid,213,0,,
649,coronavirus outbreak,19357,0,,
650,novel coronavirus,19129,0,,
651,the US,15984,0,,
652,the United States,39174,0,,
653,I think,9478,0,,
654,you know,4997,0,,
655,the virus,3099,0,,
656,on March,5485,0,,
657,found in,3695,0,,
658,in Venezuela,11887,0,,
659,according to,9828,0,,
660,on April,4190,0,,
661,in a,25594,0,,
662,the WHO,380,0,,
663,on February,3300,0,,
664,and the,34239,0,,
665,The Canary,368,0,,
666,in Wuhan,1550,0,,
667,percent of,4595,0,,
668,the Chinese,1746,0,,
669,China has,646,0,,
670,the coronavirus,5822,0,,
671,countries and,898,0,,
672,the world,13311,0,,
673,Share this,923,0,,
674,the pandemic,2591,0,,
675,the epidemic,196,0,,
676,this image,571,0,,
677,in Honduras,413,0,,
678,the election,3052,0,,
679,that the,28338,0,,
680,I mean,2926,0,,
681,on Friday,1725,0,,
682,the president,9252,0,,
683,the Venezuelan,6953,0,,
684,the international,1813,0,,
685,the Trump,8335,0,,
686,The big,152,0,,
687,in Caracas,2856,0,,
688,the international community,704,0,,
689,as of,1340,0,,
690,is a,19982,0,,
691,more than,12983,0,,
692,The US,2530,0,,
693,according to the,2785,0,,
694,at the,28294,0,,
695,the novel coronavirus,501,0,,
696,the country,13167,0,,
697,fight against,551,0,,
698,the countrys,5841,0,,
699,to receive,594,0,,
700,The United States,4748,0,,
701,and free,491,0,,
702,and control,281,0,,
703,such as,6404,0,,
704,ADVERTISEMENT The,314,0,,
705,a lot,6267,0,,
706,it is,10769,0,,
707,site is,669,0,,
708,the opposition,4041,0,,
709,the ship,303,0,,
710,becoming a,341,0,,
711,companies and,513,0,,
712,It is,6571,0,,
713,is the,14907,0,,
714,of China,720,0,,
715,on Monday,2298,0,,
716,and counter,105,0,,
717,in Caracas Venezuela,478,0,,
718,and stories,585,0,,
719,the COVID,597,0,,
720,I dont,5012,0,,
721,want to,7832,0,,
722,on Twitter,2318,0,,
723,he was,8253,0,,
724,And I,2525,0,,
725,will be,10206,0,,
726,the government,7549,0,,
727,the bottom,780,0,,
728,at a,8794,0,,
729,one of Americas,96,0,,
730,in Florida,1092,0,,
731,the shelter,136,0,,
732,with a friend,280,0,,
733,the candidates,419,0,,
734,illustration of,1096,0,,
735,on January,2450,0,,
736,and entertainment,88,0,,
737,kind of,4606,0,,
738,I was,3803,0,,
739,has been,17580,0,,
740,of Americas,699,0,,
741,of Venezuela,4769,0,,
742,it with a,329,0,,
743,the West,1463,0,,
744,is one of,1579,0,,
745,United States and,4279,0,,
746,opinion and,81,0,,
747,in the US,1817,0,,
748,stories that,671,0,,
749,the UK,1414,0,,
750,that he,9611,0,,
751,prevention and,61,0,,
752,to be,27129,0,,
753,the crisis,2034,0,,
754,the border,3409,0,,
755,be interested,281,0,,
756,number of,5874,0,,
757,of US,1774,0,,
758,on the,38954,0,,
759,this year,3005,0,,
760,of a,22995,0,,
761,it was,9231,0,,
762,did not,6215,0,,
763,your friends,315,0,,
764,the Trump administration,4556,0,,
765,the hottest,190,0,,
766,from the,24090,0,,
767,the coup,1406,0,,
768,can provide,191,0,,
769,charge to,162,0,,
770,the Democratic,4047,0,,
771,a statement,2804,0,,
772,a lot of,4379,0,,
773,to get,7144,0,,
774,access to,2587,0,,
775,been extended,156,0,,
776,protected by,747,0,,
777,as a,19214,0,,
778,other countries,2626,0,,
779,may be updated,305,0,,
780,form and may,305,0,,
781,final form and,305,0,,
782,for more,1402,0,,
783,is available,233,0,,
784,of the virus,596,0,,
785,The New York,1327,0,,
786,Fourth of July,210,0,,
787,against the,5812,0,,
788,its final form,310,0,,
789,with the,26168,0,,
790,during a,3448,0,,
791,a large audience,124,0,,
792,in its final,317,0,,
793,a press conference,386,0,,
794,the Democrats,1983,0,,
795,is that,6337,0,,
796,created by,642,0,,
797,in the United,6004,0,,
798,of his,8224,0,,
799,be in its,313,0,,
800,for comment,601,0,,
801,have been,15512,0,,
802,Like this story,197,0,,
803,the audio,280,0,,
804,This is,8821,0,,
805,on May,2231,0,,
806,contractor and,259,0,,
807,is not,9591,0,,
808,of use,270,0,,
809,fight against the,172,0,,
810,sanctions on,2378,0,,
811,a press,595,0,,
812,due to,3039,0,,
813,and I,4042,0,,
814,It was,5382,0,,
815,the ocean,217,0,,
816,in a statement,1614,0,,
817,the President,1617,0,,
818,familiar with the,740,0,,
819,Trump has,4191,0,,
820,the World Cup,313,0,,
821,the American,4911,0,,
822,in Beijing,1156,0,,
823,a day,2132,0,,
824,You know,1772,0,,
825,this is,5434,0,,
826,one of,12690,0,,
827,and produced,274,0,,
828,Ive been,659,0,,
829,a friend,621,0,,
830,a rush,356,0,,
831,views of,216,0,,
832,he says,1341,0,,
833,at home,2067,0,,
834,more than countries,242,0,,
835,enter a,149,0,,
836,the UN,2775,0,,
837,of Democrats,403,0,,
838,do not,3209,0,,
839,the CIA,1686,0,,
840,the first,10086,0,,
841,of our,4278,0,,
842,are happening,100,0,,
843,they are,6351,0,,
844,on Thursday,1839,0,,
845,with a,10764,0,,
846,represent the,388,0,,
847,on Wednesday,2175,0,,
848,to watch,473,0,,
849,the state,3676,0,,
850,provide a,434,0,,
851,of the US,1414,0,,
852,not be in,368,0,,
853,the deepest,62,0,,
854,and may be,345,0,,
855,You can,1118,0,,
856,your voice,71,0,,
857,and do,502,0,,
858,delivered to your,284,0,,
859,to readers,230,0,,
860,of this,6543,0,,
861,he had,3327,0,,
862,happening now,92,0,,
863,Get our,304,0,,
864,was a,9855,0,,
865,not necessarily,405,0,,
866,it with,857,0,,
867,lives in,546,0,,
868,the White Helmets,151,0,,
869,to receive the,206,0,,
870,as the,14825,0,,
871,In this,914,0,,
872,to do,8894,0,,
873,to a,14311,0,,
874,was found,1414,0,,
875,and do not,167,0,,
876,sort of,2136,0,,
877,According to,3123,0,,
878,had been,5645,0,,
879,the World,1944,0,,
880,and a,9855,0,,
881,the s,3535,0,,
882,the coronavirus crisis,247,0,,
883,this week,3089,0,,
884,to any,704,0,,
885,out of,9362,0,,
886,are created,287,0,,
887,reporting on the,148,0,,
888,to your,1076,0,,
889,voters in,565,0,,
890,fossils,702,0,,
891,the company,1323,0,,
892,and treatment,131,0,,
893,This article is,439,0,,
894,cave,1060,0,,
895,the surface,289,0,,
896,conversations are,55,0,,
897,for a,12713,0,,
898,China and,1935,0,,
899,on Tuesday,2386,0,,
900,of United States,2365,0,,
901,the presidents,2805,0,,
902,own and,138,0,,
903,the box,121,0,,
904,that you,2207,0,,
905,link to,180,0,,
906,we have,5569,0,,
907,on a,8488,0,,
908,to vote,1270,0,,
909,the outbreak,742,0,,
910,on the coronavirus,110,0,,
911,for further,358,0,,
912,Advertisement The,188,0,,
913,are their,76,0,,
914,do not necessarily,91,0,,
915,reporting on,334,0,,
916,the share,345,0,,
917,the people,5010,0,,
918,in Beijing on,717,0,,
919,sent a,374,0,,
920,the views of,66,0,,
921,the US and,1278,0,,
922,ancestor,731,0,,
923,the oil,1682,0,,
924,a socialist,1059,0,,
925,expressed by,65,0,,
926,use and,335,0,,
927,to confirm,164,0,,
928,right now,2251,0,,
929,agreeing to,114,0,,
930,modern,3178,0,,
931,The Grayzone,361,0,,
932,This article,847,0,,
933,A woman,1067,0,,
934,and its,4794,0,,
935,you dont,1092,0,,
936,that we,4912,0,,
937,the global,1923,0,,
938,US has,909,0,,
939,of the novel,172,0,,
940,for the online,91,0,,
941,the online,182,0,,
942,you do,609,0,,
943,The Atlantic,198,0,,
944,to support,2153,0,,
945,respond to,1324,0,,
946,the coronavirus pandemic,1274,0,,
947,have a,6551,0,,
948,does not,4024,0,,
949,signing up you,69,0,,
950,By signing up,69,0,,
951,the race,898,0,,
952,that can,1446,0,,
953,our best,343,0,,
954,of Mr,428,0,,
955,the Wuhan,290,0,,
956,saying that the,244,0,,
957,in his,5209,0,,
958,remains of,979,0,,
959,vote for,986,0,,
960,the address,95,0,,
961,barrels a day,371,0,,
962,the administration,2340,0,,
963,any time,331,0,,
964,the capitalist,242,0,,
965,I will,1573,0,,
966,the economy,2503,0,,
967,in China,1118,0,,
968,crisis and,739,0,,
969,if you do,67,0,,
970,on Saturday,1472,0,,
971,respond,1906,0,,
972,the media,2209,0,,
973,have to,6994,0,,
974,by the US,1005,0,,
975,get the,1268,0,,
976,on Jan,329,0,,
977,you do not,71,0,,
978,of its,5650,0,,
979,cruise ship,870,0,,
980,that Trump,2405,0,,
981,up to,4721,0,,
982,All right,779,0,,
983,at any time,184,0,,
984,their own,3132,0,,
985,Venezuela and,4100,0,,
986,email from,78,0,,
987,you dont get,80,0,,
988,not guilty,144,0,,
989,If you dont,155,0,,
990,a large,1453,0,,
991,the same,8900,0,,
992,the China,159,0,,
993,that the US,980,0,,
994,to countries,239,0,,
995,dated to,573,0,,
996,on Feb,221,0,,
997,a valid,76,0,,
998,Burkina Faso,133,0,,
999,a head start,298,0,,
